User_ID,Age,Gender,Daily_Usage_Time (minutes),Posts_Per_Day,Likes_Received_Per_Day,Comments_Received_Per_Day,Messages_Sent_Per_Day,Dominant_Emotion,Emotion_Category,Gender_encoded,Emotion_Label,Platform_Instagram,Platform_LinkedIn,Platform_Snapchat,Platform_Telegram,Platform_Twitter,Platform_Whatsapp
1,25,Female,120,3,45,10,12,Happiness,2,0,Positive,True,False,False,False,False,False
2,30,Male,90,5,20,25,30,Anger,0,1,Negative,False,False,False,False,True,False
3,22,Non-binary,60,2,15,5,20,Neutral,1,2,Neutral,False,False,False,False,False,False
4,28,Female,200,8,100,30,50,Anxiety,0,0,Negative,True,False,False,False,False,False
5,33,Male,45,1,5,2,10,Boredom,0,1,Negative,False,True,False,False,False,False
6,21,Male,150,4,60,15,25,Happiness,2,1,Positive,True,False,False,False,False,False
7,27,Female,85,3,30,10,18,Anger,0,0,Negative,False,False,False,False,True,False
8,24,Non-binary,110,6,25,12,22,Sadness,0,2,Negative,False,False,False,False,False,False
9,29,Female,55,2,10,3,8,Neutral,1,0,Neutral,False,True,False,False,False,False
10,31,Male,170,5,80,20,35,Happiness,2,1,Positive,True,False,False,False,False,False
11,23,Female,75,4,35,7,20,Anxiety,0,0,Negative,False,False,False,False,True,False
12,26,Non-binary,95,3,20,10,18,Sadness,0,2,Negative,False,False,False,False,False,False
13,34,Male,65,1,12,4,15,Boredom,0,1,Negative,False,True,False,False,False,False
14,22,Female,180,7,90,25,40,Happiness,2,0,Positive,True,False,False,False,False,False
15,28,Male,100,6,40,23,28,Anger,0,1,Negative,False,False,False,False,True,False
16,21,Non-binary,40,1,5,2,10,Neutral,1,2,Neutral,False,False,False,False,False,False
17,35,Female,125,4,55,18,30,Anxiety,0,0,Negative,True,False,False,False,False,False
18,27,Male,90,3,33,15,25,Sadness,0,1,Negative,False,False,False,False,True,False
19,23,Non-binary,50,1,8,3,12,Neutral,1,2,Neutral,False,True,False,False,False,False
20,32,Female,140,5,70,22,33,Happiness,2,0,Positive,True,False,False,False,False,False
21,26,Male,75,2,25,10,18,Anxiety,0,1,Negative,False,False,False,False,False,False
22,24,Female,105,4,28,14,20,Anger,0,0,Negative,False,False,False,False,True,False
23,29,Male,60,2,11,5,17,Boredom,0,1,Negative,False,True,False,False,False,False
24,33,Non-binary,190,8,95,26,45,Happiness,2,2,Positive,True,False,False,False,False,False
25,22,Female,70,3,20,12,15,Sadness,0,0,Negative,False,False,False,False,True,False
26,31,Male,80,2,18,8,21,Neutral,1,1,Neutral,False,False,False,False,False,False
27,27,Non-binary,55,1,9,2,11,Anxiety,0,2,Negative,False,True,False,False,False,False
28,25,Female,160,6,85,19,32,Happiness,2,0,Positive,True,False,False,False,False,False
29,30,Male,90,4,38,17,24,Anger,0,1,Negative,False,False,False,False,True,False
30,26,Non-binary,45,1,6,3,10,Sadness,0,2,Negative,False,False,False,False,False,False
31,34,Female,65,2,13,4,14,Boredom,0,0,Negative,False,True,False,False,False,False
32,28,Male,145,5,75,20,35,Happiness,2,1,Positive,True,False,False,False,False,False
33,23,Non-binary,70,3,27,11,18,Neutral,1,2,Neutral,False,False,False,False,True,False
34,21,Female,130,6,88,15,30,Sadness,0,0,Negative,True,False,False,False,False,False
35,29,Male,65,2,22,8,20,Anxiety,0,1,Negative,False,False,False,False,False,False
36,24,Non-binary,55,1,10,5,11,Boredom,0,2,Negative,False,True,False,False,False,False
37,33,Female,170,7,90,25,40,Happiness,2,0,Positive,True,False,False,False,False,False
38,27,Male,85,4,35,15,20,Anger,0,1,Negative,False,False,False,False,True,False
39,22,Female,115,3,55,12,25,Neutral,1,0,Neutral,True,False,False,False,False,False
40,28,Non-binary,100,2,18,10,22,Anxiety,0,2,Negative,False,False,False,False,False,False
41,31,Male,45,1,6,2,9,Sadness,0,1,Negative,False,True,False,False,False,False
42,25,Female,150,6,80,18,30,Happiness,2,0,Positive,True,False,False,False,False,False
43,29,Male,95,4,40,20,22,Anger,0,1,Negative,False,False,False,False,True,False
44,23,Non-binary,105,2,20,8,18,Neutral,1,2,Neutral,False,False,False,False,False,False
45,35,Female,60,1,12,5,14,Boredom,0,0,Negative,False,True,False,False,False,False
46,30,Male,175,7,85,23,38,Happiness,2,1,Positive,True,False,False,False,False,False
47,21,Female,90,3,33,12,20,Sadness,0,0,Negative,False,False,False,False,True,False
48,26,Non-binary,75,2,28,11,18,Anxiety,0,2,Negative,False,False,False,False,False,False
49,32,Male,130,5,70,19,31,Neutral,1,1,Neutral,True,False,False,False,False,False
50,28,Female,55,1,8,4,10,Boredom,0,0,Negative,False,True,False,False,False,False
51,27,Male,165,6,78,22,27,Happiness,2,1,Positive,True,False,False,False,False,False
52,24,Female,75,3,29,15,19,Anger,0,0,Negative,False,False,False,False,True,False
53,29,Non-binary,85,2,25,7,20,Neutral,1,2,Neutral,False,False,False,False,False,False
54,33,Female,145,4,60,18,35,Sadness,0,0,Negative,True,False,False,False,False,False
55,31,Male,60,1,10,3,17,Anxiety,0,1,Negative,False,True,False,False,False,False
56,22,Female,70,2,40,8,21,Anxiety,0,0,Negative,False,False,False,False,False,True
57,25,Male,90,3,20,10,22,Boredom,0,1,Negative,False,False,False,True,False,False
58,29,Non-binary,50,2,15,5,18,Sadness,0,2,Negative,False,False,True,False,False,False
59,28,Female,95,4,45,20,25,Happiness,2,0,Positive,False,False,False,False,True,False
60,27,Male,60,1,10,4,15,Boredom,0,1,Negative,False,False,False,False,False,False
61,30,Female,175,6,70,23,33,Happiness,2,0,Positive,True,False,False,False,False,False
62,23,Male,70,3,20,8,18,Anger,0,1,Negative,False,False,False,False,False,True
63,34,Non-binary,80,2,18,7,20,Neutral,1,2,Neutral,False,False,False,True,False,False
64,26,Female,120,4,50,15,30,Anxiety,0,0,Negative,False,False,True,False,False,False
65,25,Male,90,6,40,12,26,Sadness,0,1,Negative,False,False,False,False,True,False
66,29,Non-binary,60,1,8,2,12,Boredom,0,2,Negative,False,False,False,False,False,False
67,28,Male,165,5,75,18,35,Happiness,2,1,Positive,True,False,False,False,False,False
68,31,Female,65,2,25,8,20,Neutral,1,0,Neutral,False,False,False,False,False,True
69,27,Male,105,3,45,15,28,Anxiety,0,1,Negative,False,False,False,True,False,False
70,22,Non-binary,75,2,18,6,20,Sadness,0,2,Negative,False,False,True,False,False,False
71,24,Female,140,4,60,18,30,Happiness,2,0,Positive,True,False,False,False,False,False
72,35,Male,70,1,12,7,10,Boredom,0,1,Negative,False,False,False,False,True,False
73,21,Non-binary,55,3,15,5,12,Neutral,1,2,Neutral,False,False,False,False,False,False
74,29,Female,90,2,20,9,22,Anger,0,0,Negative,False,False,False,False,False,True
75,25,Male,80,4,28,11,25,Neutral,1,1,Neutral,False,False,False,True,False,False
76,28,Non-binary,115,3,36,12,27,Anxiety,0,2,Negative,False,False,True,False,False,False
77,32,Female,155,6,72,20,38,Happiness,2,0,Positive,True,False,False,False,False,False
78,26,Male,75,2,22,10,18,Sadness,0,1,Negative,False,False,False,False,True,False
79,33,Non-binary,65,1,12,5,14,Anxiety,0,2,Negative,False,False,False,False,False,False
80,27,Female,90,4,35,14,20,Neutral,1,0,Neutral,False,False,False,False,False,True
81,31,Male,50,2,18,6,12,Sadness,0,1,Negative,False,False,False,True,False,False
82,24,Non-binary,85,3,30,13,18,Happiness,2,2,Positive,False,False,True,False,False,False
83,34,Female,120,5,55,19,25,Anger,0,0,Negative,True,False,False,False,False,False
84,22,Male,70,1,20,5,22,Neutral,1,1,Neutral,False,False,False,False,True,False
85,29,Non-binary,75,2,18,8,20,Boredom,0,2,Negative,False,False,False,False,False,False
86,28,Female,100,4,35,12,26,Anxiety,0,0,Negative,False,False,False,False,False,True
87,31,Male,85,3,40,15,28,Sadness,0,1,Negative,False,False,False,True,False,False
88,21,Non-binary,60,1,15,5,12,Neutral,1,2,Neutral,False,False,True,False,False,False
89,25,Female,170,6,78,22,33,Happiness,2,0,Positive,True,False,False,False,False,False
90,30,Male,70,2,28,10,20,Anxiety,0,1,Negative,False,False,False,False,True,False
91,27,Non-binary,50,1,8,2,10,Boredom,0,2,Negative,False,False,False,False,False,False
92,32,Female,105,4,50,18,25,Anger,0,0,Negative,False,False,False,False,False,True
93,24,Male,75,3,33,13,22,Neutral,1,1,Neutral,False,False,False,True,False,False
94,29,Female,95,2,20,7,28,Sadness,0,0,Negative,False,False,True,False,False,False
95,26,Male,150,5,65,20,30,Anxiety,0,1,Negative,True,False,False,False,False,False
96,33,Non-binary,85,4,30,13,18,Boredom,0,2,Negative,False,False,False,False,True,False
97,22,Female,70,1,12,5,10,Neutral,1,0,Neutral,False,False,False,False,False,False
98,35,Male,110,3,45,20,25,Happiness,2,1,Positive,False,False,False,False,False,True
99,28,Non-binary,60,2,15,6,18,Anger,0,2,Negative,False,False,False,True,False,False
100,27,Female,120,4,38,13,22,Neutral,1,0,Neutral,False,False,True,False,False,False
101,25,Female,120,5,50,20,25,Happiness,2,0,Positive,True,False,False,False,False,False
102,30,Male,90,4,30,20,22,Anger,0,1,Negative,False,False,False,False,True,False
103,22,Non-binary,60,2,20,10,15,Neutral,1,2,Neutral,False,False,False,False,False,False
104,28,Female,200,8,110,40,45,Anxiety,0,0,Negative,True,False,False,False,False,False
105,33,Male,45,1,10,5,12,Boredom,0,1,Negative,False,True,False,False,False,False
106,21,Male,150,5,65,25,30,Happiness,2,1,Positive,True,False,False,False,False,False
107,27,Female,85,3,40,18,20,Anger,0,0,Negative,False,False,False,False,True,False
108,24,Non-binary,110,6,35,16,25,Sadness,0,2,Negative,False,False,False,False,False,False
109,29,Female,55,2,15,5,10,Neutral,1,0,Neutral,False,True,False,False,False,False
110,31,Male,170,7,90,35,40,Happiness,2,1,Positive,True,False,False,False,False,False
111,23,Female,75,4,45,20,25,Anxiety,0,0,Negative,False,False,False,False,True,False
112,26,Non-binary,95,3,30,14,18,Sadness,0,2,Negative,False,False,False,False,False,False
113,34,Male,65,1,14,6,15,Boredom,0,1,Negative,False,True,False,False,False,False
114,22,Female,180,8,100,38,45,Happiness,2,0,Positive,True,False,False,False,False,False
115,28,Male,100,6,50,30,29,Anger,0,1,Negative,False,False,False,False,True,False
116,21,Non-binary,40,1,10,4,12,Neutral,1,2,Neutral,False,False,False,False,False,False
117,35,Female,125,5,65,22,28,Anxiety,0,0,Negative,True,False,False,False,False,False
118,27,Male,90,3,40,16,24,Sadness,0,1,Negative,False,False,False,False,True,False
119,23,Non-binary,50,1,12,6,12,Neutral,1,2,Neutral,False,True,False,False,False,False
120,32,Female,140,6,75,28,30,Happiness,2,0,Positive,True,False,False,False,False,False
121,26,Male,75,2,30,14,20,Anxiety,0,1,Negative,False,False,False,False,False,False
122,24,Female,105,4,35,20,23,Anger,0,0,Negative,False,False,False,False,True,False
123,29,Male,60,2,17,8,15,Boredom,0,1,Negative,False,True,False,False,False,False
124,33,Non-binary,190,8,105,36,50,Happiness,2,2,Positive,True,False,False,False,False,False
125,22,Female,70,3,25,16,15,Sadness,0,0,Negative,False,False,False,False,True,False
126,31,Male,80,2,20,10,20,Neutral,1,1,Neutral,False,False,False,False,False,False
127,27,Non-binary,55,1,12,5,11,Anxiety,0,2,Negative,False,True,False,False,False,False
128,25,Female,160,6,85,26,30,Happiness,2,0,Positive,True,False,False,False,False,False
129,30,Male,90,4,43,19,24,Anger,0,1,Negative,False,False,False,False,True,False
130,26,Non-binary,45,1,8,4,12,Sadness,0,2,Negative,False,False,False,False,False,False
131,34,Female,65,2,17,5,14,Boredom,0,0,Negative,False,True,False,False,False,False
132,28,Male,145,7,80,30,35,Happiness,2,1,Positive,True,False,False,False,False,False
133,23,Non-binary,70,3,30,14,18,Neutral,1,2,Neutral,False,False,False,False,True,False
134,21,Female,130,6,95,22,28,Sadness,0,0,Negative,True,False,False,False,False,False
135,29,Male,65,2,27,11,22,Anxiety,0,1,Negative,False,False,False,False,False,False
136,24,Non-binary,55,1,11,6,11,Boredom,0,2,Negative,False,True,False,False,False,False
137,33,Female,170,7,95,30,38,Happiness,2,0,Positive,True,False,False,False,False,False
138,27,Male,85,4,45,18,24,Anger,0,1,Negative,False,False,False,False,True,False
139,22,Female,115,3,60,17,30,Neutral,1,0,Neutral,True,False,False,False,False,False
140,28,Non-binary,100,2,22,12,25,Anxiety,0,2,Negative,False,False,False,False,False,False
141,31,Male,45,1,9,4,10,Sadness,0,1,Negative,False,True,False,False,False,False
142,25,Female,150,6,90,26,30,Happiness,2,0,Positive,True,False,False,False,False,False
143,29,Male,95,4,50,22,22,Anger,0,1,Negative,False,False,False,False,True,False
144,23,Non-binary,105,2,25,12,18,Neutral,1,2,Neutral,False,False,False,False,False,False
145,35,Female,60,1,15,7,14,Boredom,0,0,Negative,False,True,False,False,False,False
146,30,Male,175,7,100,33,38,Happiness,2,1,Positive,True,False,False,False,False,False
147,21,Female,90,3,37,14,20,Sadness,0,0,Negative,False,False,False,False,True,False
148,26,Non-binary,75,2,30,12,18,Anxiety,0,2,Negative,False,False,False,False,False,False
149,32,Male,130,5,80,28,31,Neutral,1,1,Neutral,True,False,False,False,False,False
150,28,Female,55,1,12,6,10,Boredom,0,0,Negative,False,True,False,False,False,False
151,27,Male,165,6,85,30,28,Happiness,2,1,Positive,True,False,False,False,False,False
152,24,Female,75,3,33,18,19,Anger,0,0,Negative,False,False,False,False,True,False
153,29,Non-binary,85,2,27,9,20,Neutral,1,2,Neutral,False,False,False,False,False,False
154,33,Female,145,4,65,23,35,Sadness,0,0,Negative,True,False,False,False,False,False
155,31,Male,60,1,15,7,17,Anxiety,0,1,Negative,False,True,False,False,False,False
156,22,Female,70,2,42,10,21,Anxiety,0,0,Negative,False,False,False,False,False,True
157,25,Male,90,3,22,11,22,Boredom,0,1,Negative,False,False,False,True,False,False
158,29,Non-binary,50,2,18,7,18,Sadness,0,2,Negative,False,False,True,False,False,False
159,28,Female,95,4,48,22,25,Happiness,2,0,Positive,False,False,False,False,True,False
160,27,Male,60,1,12,5,15,Boredom,0,1,Negative,False,False,False,False,False,False
161,30,Female,175,6,72,30,33,Happiness,2,0,Positive,True,False,False,False,False,False
162,23,Male,70,3,22,10,18,Anger,0,1,Negative,False,False,False,False,False,True
163,34,Non-binary,80,2,21,8,20,Neutral,1,2,Neutral,False,False,False,True,False,False
164,26,Female,120,4,55,18,30,Anxiety,0,0,Negative,False,False,True,False,False,False
165,25,Male,90,6,42,14,26,Sadness,0,1,Negative,False,False,False,False,True,False
166,29,Non-binary,60,1,12,4,12,Boredom,0,2,Negative,False,False,False,False,False,False
167,28,Male,165,5,78,23,35,Happiness,2,1,Positive,True,False,False,False,False,False
168,31,Female,65,2,27,10,20,Neutral,1,0,Neutral,False,False,False,False,False,True
169,27,Male,105,3,48,20,28,Anxiety,0,1,Negative,False,False,False,True,False,False
170,22,Non-binary,75,2,21,8,20,Sadness,0,2,Negative,False,False,True,False,False,False
171,24,Female,140,4,65,22,30,Happiness,2,0,Positive,True,False,False,False,False,False
172,35,Male,70,1,13,8,10,Boredom,0,1,Negative,False,False,False,False,True,False
173,21,Non-binary,55,3,17,7,12,Neutral,1,2,Neutral,False,False,False,False,False,False
174,29,Female,90,2,24,12,22,Anger,0,0,Negative,False,False,False,False,False,True
175,25,Male,80,4,30,13,25,Neutral,1,1,Neutral,False,False,False,True,False,False
176,28,Non-binary,115,3,38,18,27,Anxiety,0,2,Negative,False,False,True,False,False,False
177,32,Female,155,6,75,25,38,Happiness,2,0,Positive,True,False,False,False,False,False
178,26,Male,75,2,23,12,18,Sadness,0,1,Negative,False,False,False,False,True,False
179,33,Non-binary,65,1,13,7,14,Anxiety,0,2,Negative,False,False,False,False,False,False
180,27,Female,90,4,37,18,20,Neutral,1,0,Neutral,False,False,False,False,False,True
181,31,Male,50,2,20,10,12,Sadness,0,1,Negative,False,False,False,True,False,False
182,24,Non-binary,85,3,33,20,18,Happiness,2,2,Positive,False,False,True,False,False,False
183,34,Female,120,5,60,25,25,Anger,0,0,Negative,True,False,False,False,False,False
184,22,Male,70,1,22,7,22,Neutral,1,1,Neutral,False,False,False,False,True,False
185,29,Non-binary,75,2,20,8,20,Boredom,0,2,Negative,False,False,False,False,False,False
186,28,Female,100,4,37,14,26,Anxiety,0,0,Negative,False,False,False,False,False,True
187,31,Male,85,3,45,20,28,Sadness,0,1,Negative,False,False,False,True,False,False
188,21,Non-binary,60,1,18,7,12,Neutral,1,2,Neutral,False,False,True,False,False,False
189,25,Female,170,6,83,30,33,Happiness,2,0,Positive,True,False,False,False,False,False
190,30,Male,70,2,30,12,20,Anxiety,0,1,Negative,False,False,False,False,True,False
191,27,Non-binary,50,1,10,4,10,Boredom,0,2,Negative,False,False,False,False,False,False
192,32,Female,105,4,55,25,25,Anger,0,0,Negative,False,False,False,False,False,True
193,24,Male,75,3,37,16,22,Neutral,1,1,Neutral,False,False,False,True,False,False
194,29,Female,95,2,23,10,28,Sadness,0,0,Negative,False,False,True,False,False,False
195,26,Male,150,5,70,25,30,Anxiety,0,1,Negative,True,False,False,False,False,False
196,33,Non-binary,85,4,35,18,18,Boredom,0,2,Negative,False,False,False,False,True,False
197,22,Female,70,1,14,6,10,Neutral,1,0,Neutral,False,False,False,False,False,False
198,35,Male,110,3,50,25,25,Happiness,2,1,Positive,False,False,False,False,False,True
199,28,Non-binary,60,2,18,8,18,Anger,0,2,Negative,False,False,False,True,False,False
200,27,Female,120,4,40,18,22,Neutral,1,0,Neutral,False,False,True,False,False,False
201,25,Female,120,5,50,20,25,Happiness,2,0,Positive,True,False,False,False,False,False
202,30,Male,90,4,30,20,22,Anger,0,1,Negative,False,False,False,False,True,False
203,22,Non-binary,60,2,20,10,15,Neutral,1,2,Neutral,False,False,False,False,False,False
204,28,Female,200,8,110,40,45,Anxiety,0,0,Negative,True,False,False,False,False,False
205,33,Male,45,1,10,5,12,Boredom,0,1,Negative,False,True,False,False,False,False
206,21,Male,150,5,65,25,30,Happiness,2,1,Positive,True,False,False,False,False,False
207,27,Female,85,3,40,18,20,Anger,0,0,Negative,False,False,False,False,True,False
208,24,Non-binary,110,6,35,16,25,Sadness,0,2,Negative,False,False,False,False,False,False
209,29,Female,55,2,15,5,10,Neutral,1,0,Neutral,False,True,False,False,False,False
210,31,Male,170,7,90,35,40,Happiness,2,1,Positive,True,False,False,False,False,False
211,23,Female,75,4,45,20,25,Anxiety,0,0,Negative,False,False,False,False,True,False
212,26,Non-binary,95,3,30,14,18,Sadness,0,2,Negative,False,False,False,False,False,False
213,34,Male,65,1,14,6,15,Boredom,0,1,Negative,False,True,False,False,False,False
214,22,Female,180,8,100,38,45,Happiness,2,0,Positive,True,False,False,False,False,False
215,28,Male,100,6,50,30,29,Anger,0,1,Negative,False,False,False,False,True,False
216,21,Non-binary,40,1,10,4,12,Neutral,1,2,Neutral,False,False,False,False,False,False
217,35,Female,125,5,65,22,28,Anxiety,0,0,Negative,True,False,False,False,False,False
218,27,Male,90,3,40,16,24,Sadness,0,1,Negative,False,False,False,False,True,False
219,23,Non-binary,50,1,12,6,12,Neutral,1,2,Neutral,False,True,False,False,False,False
220,32,Female,140,6,75,28,30,Happiness,2,0,Positive,True,False,False,False,False,False
221,26,Male,75,2,30,14,20,Anxiety,0,1,Negative,False,False,False,False,False,False
222,24,Female,105,4,35,20,23,Anger,0,0,Negative,False,False,False,False,True,False
223,29,Male,60,2,17,8,15,Boredom,0,1,Negative,False,True,False,False,False,False
224,33,Non-binary,190,8,105,36,50,Happiness,2,2,Positive,True,False,False,False,False,False
225,22,Female,70,3,25,16,15,Sadness,0,0,Negative,False,False,False,False,True,False
226,31,Male,80,2,20,10,20,Neutral,1,1,Neutral,False,False,False,False,False,False
227,27,Non-binary,55,1,12,5,11,Anxiety,0,2,Negative,False,True,False,False,False,False
228,25,Female,160,6,85,26,30,Happiness,2,0,Positive,True,False,False,False,False,False
229,30,Male,90,4,43,19,24,Anger,0,1,Negative,False,False,False,False,True,False
230,26,Non-binary,45,1,8,4,12,Sadness,0,2,Negative,False,False,False,False,False,False
231,34,Female,65,2,17,5,14,Boredom,0,0,Negative,False,True,False,False,False,False
232,28,Male,145,7,80,30,35,Happiness,2,1,Positive,True,False,False,False,False,False
233,23,Non-binary,70,3,30,14,18,Neutral,1,2,Neutral,False,False,False,False,True,False
234,21,Female,130,6,95,22,28,Sadness,0,0,Negative,True,False,False,False,False,False
235,29,Male,65,2,27,11,22,Anxiety,0,1,Negative,False,False,False,False,False,False
236,24,Non-binary,55,1,11,6,11,Boredom,0,2,Negative,False,True,False,False,False,False
237,33,Female,170,7,95,30,38,Happiness,2,0,Positive,True,False,False,False,False,False
238,27,Male,85,4,45,18,24,Anger,0,1,Negative,False,False,False,False,True,False
239,22,Female,115,3,60,17,30,Neutral,1,0,Neutral,True,False,False,False,False,False
240,28,Non-binary,100,2,22,12,25,Anxiety,0,2,Negative,False,False,False,False,False,False
241,31,Male,45,1,9,4,10,Sadness,0,1,Negative,False,True,False,False,False,False
242,25,Female,150,6,90,26,30,Happiness,2,0,Positive,True,False,False,False,False,False
243,29,Male,95,4,50,22,22,Anger,0,1,Negative,False,False,False,False,True,False
244,23,Non-binary,105,2,25,12,18,Neutral,1,2,Neutral,False,False,False,False,False,False
245,35,Female,60,1,15,7,14,Boredom,0,0,Negative,False,True,False,False,False,False
246,30,Male,175,7,100,33,38,Happiness,2,1,Positive,True,False,False,False,False,False
247,21,Female,90,3,37,14,20,Sadness,0,0,Negative,False,False,False,False,True,False
248,26,Non-binary,75,2,30,12,18,Anxiety,0,2,Negative,False,False,False,False,False,False
249,32,Male,130,5,80,28,31,Neutral,1,1,Neutral,True,False,False,False,False,False
250,28,Female,55,1,12,6,10,Boredom,0,0,Negative,False,True,False,False,False,False
251,27,Male,165,6,85,30,28,Happiness,2,1,Positive,True,False,False,False,False,False
252,24,Female,75,3,33,18,19,Anger,0,0,Negative,False,False,False,False,True,False
253,29,Non-binary,85,2,27,9,20,Neutral,1,2,Neutral,False,False,False,False,False,False
254,33,Female,145,4,65,23,35,Sadness,0,0,Negative,True,False,False,False,False,False
255,31,Male,60,1,15,7,17,Anxiety,0,1,Negative,False,True,False,False,False,False
256,22,Female,70,2,42,10,21,Anxiety,0,0,Negative,False,False,False,False,False,True
257,25,Male,90,3,22,11,22,Boredom,0,1,Negative,False,False,False,True,False,False
258,29,Non-binary,50,2,18,7,18,Sadness,0,2,Negative,False,False,True,False,False,False
259,28,Female,95,4,48,22,25,Happiness,2,0,Positive,False,False,False,False,True,False
260,27,Male,60,1,12,5,15,Boredom,0,1,Negative,False,False,False,False,False,False
261,30,Female,175,6,72,30,33,Happiness,2,0,Positive,True,False,False,False,False,False
262,23,Male,70,3,22,10,18,Anger,0,1,Negative,False,False,False,False,False,True
263,34,Non-binary,80,2,21,8,20,Neutral,1,2,Neutral,False,False,False,True,False,False
264,26,Female,120,4,55,18,30,Anxiety,0,0,Negative,False,False,True,False,False,False
265,25,Male,90,6,42,14,26,Sadness,0,1,Negative,False,False,False,False,True,False
266,29,Non-binary,60,1,12,4,12,Boredom,0,2,Negative,False,False,False,False,False,False
267,28,Male,165,5,78,23,35,Happiness,2,1,Positive,True,False,False,False,False,False
268,31,Female,65,2,27,10,20,Neutral,1,0,Neutral,False,False,False,False,False,True
269,27,Male,105,3,48,20,28,Anxiety,0,1,Negative,False,False,False,True,False,False
270,22,Non-binary,75,2,21,8,20,Sadness,0,2,Negative,False,False,True,False,False,False
271,24,Female,140,4,65,22,30,Happiness,2,0,Positive,True,False,False,False,False,False
272,35,Male,70,1,13,8,10,Boredom,0,1,Negative,False,False,False,False,True,False
273,21,Non-binary,55,3,17,7,12,Neutral,1,2,Neutral,False,False,False,False,False,False
274,29,Female,90,2,24,12,22,Anger,0,0,Negative,False,False,False,False,False,True
275,25,Male,80,4,30,13,25,Neutral,1,1,Neutral,False,False,False,True,False,False
276,28,Non-binary,115,3,38,18,27,Anxiety,0,2,Negative,False,False,True,False,False,False
277,32,Female,155,6,75,25,38,Happiness,2,0,Positive,True,False,False,False,False,False
278,26,Male,75,2,23,12,18,Sadness,0,1,Negative,False,False,False,False,True,False
279,33,Non-binary,65,1,13,7,14,Anxiety,0,2,Negative,False,False,False,False,False,False
280,27,Female,90,4,37,18,20,Neutral,1,0,Neutral,False,False,False,False,False,True
281,31,Male,50,2,20,10,12,Sadness,0,1,Negative,False,False,False,True,False,False
282,24,Non-binary,85,3,33,20,18,Happiness,2,2,Positive,False,False,True,False,False,False
283,34,Female,120,5,60,25,25,Anger,0,0,Negative,True,False,False,False,False,False
284,22,Male,70,1,22,7,22,Neutral,1,1,Neutral,False,False,False,False,True,False
285,29,Non-binary,75,2,20,8,20,Boredom,0,2,Negative,False,False,False,False,False,False
286,28,Female,100,4,37,14,26,Anxiety,0,0,Negative,False,False,False,False,False,True
287,31,Male,85,3,45,20,28,Sadness,0,1,Negative,False,False,False,True,False,False
288,21,Non-binary,60,1,18,7,12,Neutral,1,2,Neutral,False,False,True,False,False,False
289,25,Female,170,6,83,30,33,Happiness,2,0,Positive,True,False,False,False,False,False
290,30,Male,70,2,30,12,20,Anxiety,0,1,Negative,False,False,False,False,True,False
291,27,Non-binary,50,1,10,4,10,Boredom,0,2,Negative,False,False,False,False,False,False
292,32,Female,105,4,55,25,25,Anger,0,0,Negative,False,False,False,False,False,True
293,24,Male,75,3,37,16,22,Neutral,1,1,Neutral,False,False,False,True,False,False
294,29,Female,95,2,23,10,28,Sadness,0,0,Negative,False,False,True,False,False,False
295,26,Male,150,5,70,25,30,Anxiety,0,1,Negative,True,False,False,False,False,False
296,33,Non-binary,85,4,35,18,18,Boredom,0,2,Negative,False,False,False,False,True,False
297,22,Female,70,1,14,6,10,Neutral,1,0,Neutral,False,False,False,False,False,False
298,35,Male,110,3,50,25,25,Happiness,2,1,Positive,False,False,False,False,False,True
299,28,Non-binary,60,2,18,8,18,Anger,0,2,Negative,False,False,False,True,False,False
300,27,Female,120,4,40,18,22,Neutral,1,0,Neutral,False,False,True,False,False,False
301,25,Female,120,5,50,20,25,Happiness,2,0,Positive,True,False,False,False,False,False
302,30,Male,90,4,30,20,22,Anger,0,1,Negative,False,False,False,False,True,False
303,22,Non-binary,60,2,20,10,15,Neutral,1,2,Neutral,False,False,False,False,False,False
304,28,Female,200,8,110,40,45,Anxiety,0,0,Negative,True,False,False,False,False,False
305,33,Male,45,1,10,5,12,Boredom,0,1,Negative,False,True,False,False,False,False
306,21,Male,150,5,65,25,30,Happiness,2,1,Positive,True,False,False,False,False,False
307,27,Female,85,3,40,18,20,Anger,0,0,Negative,False,False,False,False,True,False
308,24,Non-binary,110,6,35,16,25,Sadness,0,2,Negative,False,False,False,False,False,False
309,29,Female,55,2,15,5,10,Neutral,1,0,Neutral,False,True,False,False,False,False
310,31,Male,170,7,90,35,40,Happiness,2,1,Positive,True,False,False,False,False,False
311,23,Female,75,4,45,20,25,Anxiety,0,0,Negative,False,False,False,False,True,False
312,26,Non-binary,95,3,30,14,18,Sadness,0,2,Negative,False,False,False,False,False,False
313,34,Male,65,1,14,6,15,Boredom,0,1,Negative,False,True,False,False,False,False
314,22,Female,180,8,100,38,45,Happiness,2,0,Positive,True,False,False,False,False,False
315,28,Male,100,6,50,30,29,Anger,0,1,Negative,False,False,False,False,True,False
316,21,Non-binary,40,1,10,4,12,Neutral,1,2,Neutral,False,False,False,False,False,False
317,35,Female,125,5,65,22,28,Anxiety,0,0,Negative,True,False,False,False,False,False
318,27,Male,90,3,40,16,24,Sadness,0,1,Negative,False,False,False,False,True,False
319,23,Non-binary,50,1,12,6,12,Neutral,1,2,Neutral,False,True,False,False,False,False
320,32,Female,140,6,75,28,30,Happiness,2,0,Positive,True,False,False,False,False,False
321,26,Male,75,2,30,14,20,Anxiety,0,1,Negative,False,False,False,False,False,False
322,24,Female,105,4,35,20,23,Anger,0,0,Negative,False,False,False,False,True,False
323,29,Male,60,2,17,8,15,Boredom,0,1,Negative,False,True,False,False,False,False
324,33,Non-binary,190,8,105,36,50,Happiness,2,2,Positive,True,False,False,False,False,False
325,22,Female,70,3,25,16,15,Sadness,0,0,Negative,False,False,False,False,True,False
326,31,Male,80,2,20,10,20,Neutral,1,1,Neutral,False,False,False,False,False,False
327,27,Non-binary,55,1,12,5,11,Anxiety,0,2,Negative,False,True,False,False,False,False
328,25,Female,160,6,85,26,30,Happiness,2,0,Positive,True,False,False,False,False,False
329,30,Male,90,4,43,19,24,Anger,0,1,Negative,False,False,False,False,True,False
330,26,Non-binary,45,1,8,4,12,Sadness,0,2,Negative,False,False,False,False,False,False
331,34,Female,65,2,17,5,14,Boredom,0,0,Negative,False,True,False,False,False,False
332,28,Male,145,7,80,30,35,Happiness,2,1,Positive,True,False,False,False,False,False
333,23,Non-binary,70,3,30,14,18,Neutral,1,2,Neutral,False,False,False,False,True,False
334,21,Female,130,6,95,22,28,Sadness,0,0,Negative,True,False,False,False,False,False
335,29,Male,65,2,27,11,22,Anxiety,0,1,Negative,False,False,False,False,False,False
336,24,Non-binary,55,1,11,6,11,Boredom,0,2,Negative,False,True,False,False,False,False
337,33,Female,170,7,95,30,38,Happiness,2,0,Positive,True,False,False,False,False,False
338,27,Male,85,4,45,18,24,Anger,0,1,Negative,False,False,False,False,True,False
339,22,Female,115,3,60,17,30,Neutral,1,0,Neutral,True,False,False,False,False,False
340,28,Non-binary,100,2,22,12,25,Anxiety,0,2,Negative,False,False,False,False,False,False
341,31,Male,45,1,9,4,10,Sadness,0,1,Negative,False,True,False,False,False,False
342,25,Female,150,6,90,26,30,Happiness,2,0,Positive,True,False,False,False,False,False
343,29,Male,95,4,50,22,22,Anger,0,1,Negative,False,False,False,False,True,False
344,23,Non-binary,105,2,25,12,18,Neutral,1,2,Neutral,False,False,False,False,False,False
345,35,Female,60,1,15,7,14,Boredom,0,0,Negative,False,True,False,False,False,False
346,30,Male,175,7,100,33,38,Happiness,2,1,Positive,True,False,False,False,False,False
347,21,Female,90,3,37,14,20,Sadness,0,0,Negative,False,False,False,False,True,False
348,26,Non-binary,75,2,30,12,18,Anxiety,0,2,Negative,False,False,False,False,False,False
349,32,Male,130,5,80,28,31,Neutral,1,1,Neutral,True,False,False,False,False,False
350,28,Female,55,1,12,6,10,Boredom,0,0,Negative,False,True,False,False,False,False
351,27,Male,165,6,85,30,28,Happiness,2,1,Positive,True,False,False,False,False,False
352,24,Female,75,3,33,18,19,Anger,0,0,Negative,False,False,False,False,True,False
353,29,Non-binary,85,2,27,9,20,Neutral,1,2,Neutral,False,False,False,False,False,False
354,33,Female,145,4,65,23,35,Sadness,0,0,Negative,True,False,False,False,False,False
355,31,Male,60,1,15,7,17,Anxiety,0,1,Negative,False,True,False,False,False,False
356,22,Female,70,2,42,10,21,Anxiety,0,0,Negative,False,False,False,False,False,True
357,25,Male,90,3,22,11,22,Boredom,0,1,Negative,False,False,False,True,False,False
358,29,Non-binary,50,2,18,7,18,Sadness,0,2,Negative,False,False,True,False,False,False
359,28,Female,95,4,48,22,25,Happiness,2,0,Positive,False,False,False,False,True,False
360,27,Male,60,1,12,5,15,Boredom,0,1,Negative,False,False,False,False,False,False
361,30,Female,175,6,72,30,33,Happiness,2,0,Positive,True,False,False,False,False,False
362,23,Male,70,3,22,10,18,Anger,0,1,Negative,False,False,False,False,False,True
363,34,Non-binary,80,2,21,8,20,Neutral,1,2,Neutral,False,False,False,True,False,False
364,26,Female,120,4,55,18,30,Anxiety,0,0,Negative,False,False,True,False,False,False
365,25,Male,90,6,42,14,26,Sadness,0,1,Negative,False,False,False,False,True,False
366,29,Non-binary,60,1,12,4,12,Boredom,0,2,Negative,False,False,False,False,False,False
367,28,Male,165,5,78,23,35,Happiness,2,1,Positive,True,False,False,False,False,False
368,31,Female,65,2,27,10,20,Neutral,1,0,Neutral,False,False,False,False,False,True
369,27,Male,105,3,48,20,28,Anxiety,0,1,Negative,False,False,False,True,False,False
370,22,Non-binary,75,2,21,8,20,Sadness,0,2,Negative,False,False,True,False,False,False
371,24,Female,140,4,65,22,30,Happiness,2,0,Positive,True,False,False,False,False,False
372,35,Male,70,1,13,8,10,Boredom,0,1,Negative,False,False,False,False,True,False
373,21,Non-binary,55,3,17,7,12,Neutral,1,2,Neutral,False,False,False,False,False,False
374,29,Female,90,2,24,12,22,Anger,0,0,Negative,False,False,False,False,False,True
375,25,Male,80,4,30,13,25,Neutral,1,1,Neutral,False,False,False,True,False,False
376,28,Non-binary,115,3,38,18,27,Anxiety,0,2,Negative,False,False,True,False,False,False
377,32,Female,155,6,75,25,38,Happiness,2,0,Positive,True,False,False,False,False,False
378,26,Male,75,2,23,12,18,Sadness,0,1,Negative,False,False,False,False,True,False
379,33,Non-binary,65,1,13,7,14,Anxiety,0,2,Negative,False,False,False,False,False,False
380,27,Female,90,4,37,18,20,Neutral,1,0,Neutral,False,False,False,False,False,True
381,31,Male,50,2,20,10,12,Sadness,0,1,Negative,False,False,False,True,False,False
382,24,Non-binary,85,3,33,20,18,Happiness,2,2,Positive,False,False,True,False,False,False
383,34,Female,120,5,60,25,25,Anger,0,0,Negative,True,False,False,False,False,False
384,22,Male,70,1,22,7,22,Neutral,1,1,Neutral,False,False,False,False,True,False
385,29,Non-binary,75,2,20,8,20,Boredom,0,2,Negative,False,False,False,False,False,False
386,28,Female,100,4,37,14,26,Anxiety,0,0,Negative,False,False,False,False,False,True
387,31,Male,85,3,45,20,28,Sadness,0,1,Negative,False,False,False,True,False,False
388,21,Non-binary,60,1,18,7,12,Neutral,1,2,Neutral,False,False,True,False,False,False
389,25,Female,170,6,83,30,33,Happiness,2,0,Positive,True,False,False,False,False,False
390,30,Male,70,2,30,12,20,Anxiety,0,1,Negative,False,False,False,False,True,False
391,27,Non-binary,50,1,10,4,10,Boredom,0,2,Negative,False,False,False,False,False,False
392,32,Female,105,4,55,25,25,Anger,0,0,Negative,False,False,False,False,False,True
393,24,Male,75,3,37,16,22,Neutral,1,1,Neutral,False,False,False,True,False,False
394,29,Female,95,2,23,10,28,Sadness,0,0,Negative,False,False,True,False,False,False
395,26,Male,150,5,70,25,30,Anxiety,0,1,Negative,True,False,False,False,False,False
396,33,Non-binary,85,4,35,18,18,Boredom,0,2,Negative,False,False,False,False,True,False
397,22,Female,70,1,14,6,10,Neutral,1,0,Neutral,False,False,False,False,False,False
398,35,Male,110,3,50,25,25,Happiness,2,1,Positive,False,False,False,False,False,True
399,28,Non-binary,60,2,18,8,18,Anger,0,2,Negative,False,False,False,True,False,False
400,27,Female,120,4,40,18,22,Neutral,1,0,Neutral,False,False,True,False,False,False
401,25,Female,120,5,50,20,25,Happiness,2,0,Positive,True,False,False,False,False,False
402,30,Male,90,4,30,20,22,Anger,0,1,Negative,False,False,False,False,True,False
403,22,Non-binary,60,2,20,10,15,Neutral,1,2,Neutral,False,False,False,False,False,False
404,28,Female,200,8,110,40,45,Anxiety,0,0,Negative,True,False,False,False,False,False
405,33,Male,45,1,10,5,12,Boredom,0,1,Negative,False,True,False,False,False,False
406,21,Male,150,5,65,25,30,Happiness,2,1,Positive,True,False,False,False,False,False
407,27,Female,85,3,40,18,20,Anger,0,0,Negative,False,False,False,False,True,False
408,24,Non-binary,110,6,35,16,25,Sadness,0,2,Negative,False,False,False,False,False,False
409,29,Female,55,2,15,5,10,Neutral,1,0,Neutral,False,True,False,False,False,False
410,31,Male,170,7,90,35,40,Happiness,2,1,Positive,True,False,False,False,False,False
411,23,Female,75,4,45,20,25,Anxiety,0,0,Negative,False,False,False,False,True,False
412,26,Non-binary,95,3,30,14,18,Sadness,0,2,Negative,False,False,False,False,False,False
413,34,Male,65,1,14,6,15,Boredom,0,1,Negative,False,True,False,False,False,False
414,22,Female,180,8,100,38,45,Happiness,2,0,Positive,True,False,False,False,False,False
415,28,Male,100,6,50,30,29,Anger,0,1,Negative,False,False,False,False,True,False
416,21,Non-binary,40,1,10,4,12,Neutral,1,2,Neutral,False,False,False,False,False,False
417,35,Female,125,5,65,22,28,Anxiety,0,0,Negative,True,False,False,False,False,False
418,27,Male,90,3,40,16,24,Sadness,0,1,Negative,False,False,False,False,True,False
419,23,Non-binary,50,1,12,6,12,Neutral,1,2,Neutral,False,True,False,False,False,False
420,32,Female,140,6,75,28,30,Happiness,2,0,Positive,True,False,False,False,False,False
421,26,Male,75,2,30,14,20,Anxiety,0,1,Negative,False,False,False,False,False,False
422,24,Female,105,4,35,20,23,Anger,0,0,Negative,False,False,False,False,True,False
423,29,Male,60,2,17,8,15,Boredom,0,1,Negative,False,True,False,False,False,False
424,33,Non-binary,190,8,105,36,50,Happiness,2,2,Positive,True,False,False,False,False,False
425,22,Female,70,3,25,16,15,Sadness,0,0,Negative,False,False,False,False,True,False
426,31,Male,80,2,20,10,20,Neutral,1,1,Neutral,False,False,False,False,False,False
427,27,Non-binary,55,1,12,5,11,Anxiety,0,2,Negative,False,True,False,False,False,False
428,25,Female,160,6,85,26,30,Happiness,2,0,Positive,True,False,False,False,False,False
429,30,Male,90,4,43,19,24,Anger,0,1,Negative,False,False,False,False,True,False
430,26,Non-binary,45,1,8,4,12,Sadness,0,2,Negative,False,False,False,False,False,False
431,34,Female,65,2,17,5,14,Boredom,0,0,Negative,False,True,False,False,False,False
432,28,Male,145,7,80,30,35,Happiness,2,1,Positive,True,False,False,False,False,False
433,23,Non-binary,70,3,30,14,18,Neutral,1,2,Neutral,False,False,False,False,True,False
434,21,Female,130,6,95,22,28,Sadness,0,0,Negative,True,False,False,False,False,False
435,29,Male,65,2,27,11,22,Anxiety,0,1,Negative,False,False,False,False,False,False
436,24,Non-binary,55,1,11,6,11,Boredom,0,2,Negative,False,True,False,False,False,False
437,33,Female,170,7,95,30,38,Happiness,2,0,Positive,True,False,False,False,False,False
438,27,Male,85,4,45,18,24,Anger,0,1,Negative,False,False,False,False,True,False
439,22,Female,115,3,60,17,30,Neutral,1,0,Neutral,True,False,False,False,False,False
440,28,Non-binary,100,2,22,12,25,Anxiety,0,2,Negative,False,False,False,False,False,False
441,31,Male,45,1,9,4,10,Sadness,0,1,Negative,False,True,False,False,False,False
442,25,Female,150,6,90,26,30,Happiness,2,0,Positive,True,False,False,False,False,False
443,29,Male,95,4,50,22,22,Anger,0,1,Negative,False,False,False,False,True,False
444,23,Non-binary,105,2,25,12,18,Neutral,1,2,Neutral,False,False,False,False,False,False
445,35,Female,60,1,15,7,14,Boredom,0,0,Negative,False,True,False,False,False,False
446,30,Male,175,7,100,33,38,Happiness,2,1,Positive,True,False,False,False,False,False
447,21,Female,90,3,37,14,20,Sadness,0,0,Negative,False,False,False,False,True,False
448,26,Non-binary,75,2,30,12,18,Anxiety,0,2,Negative,False,False,False,False,False,False
449,32,Male,130,5,80,28,31,Neutral,1,1,Neutral,True,False,False,False,False,False
450,28,Female,55,1,12,6,10,Boredom,0,0,Negative,False,True,False,False,False,False
451,27,Male,165,6,85,30,28,Happiness,2,1,Positive,True,False,False,False,False,False
452,24,Female,75,3,33,18,19,Anger,0,0,Negative,False,False,False,False,True,False
453,29,Non-binary,85,2,27,9,20,Neutral,1,2,Neutral,False,False,False,False,False,False
454,33,Female,145,4,65,23,35,Sadness,0,0,Negative,True,False,False,False,False,False
455,31,Male,60,1,15,7,17,Anxiety,0,1,Negative,False,True,False,False,False,False
456,22,Female,70,2,42,10,21,Anxiety,0,0,Negative,False,False,False,False,False,True
457,25,Male,90,3,22,11,22,Boredom,0,1,Negative,False,False,False,True,False,False
458,29,Non-binary,50,2,18,7,18,Sadness,0,2,Negative,False,False,True,False,False,False
459,28,Female,95,4,48,22,25,Happiness,2,0,Positive,False,False,False,False,True,False
460,27,Male,60,1,12,5,15,Boredom,0,1,Negative,False,False,False,False,False,False
461,30,Female,175,6,72,30,33,Happiness,2,0,Positive,True,False,False,False,False,False
462,23,Male,70,3,22,10,18,Anger,0,1,Negative,False,False,False,False,False,True
463,34,Non-binary,80,2,21,8,20,Neutral,1,2,Neutral,False,False,False,True,False,False
464,26,Female,120,4,55,18,30,Anxiety,0,0,Negative,False,False,True,False,False,False
465,25,Male,90,6,42,14,26,Sadness,0,1,Negative,False,False,False,False,True,False
466,29,Non-binary,60,1,12,4,12,Boredom,0,2,Negative,False,False,False,False,False,False
467,28,Male,165,5,78,23,35,Happiness,2,1,Positive,True,False,False,False,False,False
468,31,Female,65,2,27,10,20,Neutral,1,0,Neutral,False,False,False,False,False,True
469,27,Male,105,3,48,20,28,Anxiety,0,1,Negative,False,False,False,True,False,False
470,22,Non-binary,75,2,21,8,20,Sadness,0,2,Negative,False,False,True,False,False,False
471,24,Female,140,4,65,22,30,Happiness,2,0,Positive,True,False,False,False,False,False
472,35,Male,70,1,13,8,10,Boredom,0,1,Negative,False,False,False,False,True,False
473,21,Non-binary,55,3,17,7,12,Neutral,1,2,Neutral,False,False,False,False,False,False
474,29,Female,90,2,24,12,22,Anger,0,0,Negative,False,False,False,False,False,True
475,25,Male,80,4,30,13,25,Neutral,1,1,Neutral,False,False,False,True,False,False
476,28,Non-binary,115,3,38,18,27,Anxiety,0,2,Negative,False,False,True,False,False,False
477,32,Female,155,6,75,25,38,Happiness,2,0,Positive,True,False,False,False,False,False
478,26,Male,75,2,23,12,18,Sadness,0,1,Negative,False,False,False,False,True,False
479,33,Non-binary,65,1,13,7,14,Anxiety,0,2,Negative,False,False,False,False,False,False
480,27,Female,90,4,37,18,20,Neutral,1,0,Neutral,False,False,False,False,False,True
481,31,Male,50,2,20,10,12,Sadness,0,1,Negative,False,False,False,True,False,False
482,24,Non-binary,85,3,33,20,18,Happiness,2,2,Positive,False,False,True,False,False,False
483,34,Female,120,5,60,25,25,Anger,0,0,Negative,True,False,False,False,False,False
484,22,Male,70,1,22,7,22,Neutral,1,1,Neutral,False,False,False,False,True,False
485,29,Non-binary,75,2,20,8,20,Boredom,0,2,Negative,False,False,False,False,False,False
486,28,Female,100,4,37,14,26,Anxiety,0,0,Negative,False,False,False,False,False,True
487,31,Male,85,3,45,20,28,Sadness,0,1,Negative,False,False,False,True,False,False
488,21,Non-binary,60,1,18,7,12,Neutral,1,2,Neutral,False,False,True,False,False,False
489,25,Female,170,6,83,30,33,Happiness,2,0,Positive,True,False,False,False,False,False
490,30,Male,70,2,30,12,20,Anxiety,0,1,Negative,False,False,False,False,True,False
491,27,Non-binary,50,1,10,4,10,Boredom,0,2,Negative,False,False,False,False,False,False
492,32,Female,105,4,55,25,25,Anger,0,0,Negative,False,False,False,False,False,True
493,24,Male,75,3,37,16,22,Neutral,1,1,Neutral,False,False,False,True,False,False
494,29,Female,95,2,23,10,28,Sadness,0,0,Negative,False,False,True,False,False,False
495,26,Male,150,5,70,25,30,Anxiety,0,1,Negative,True,False,False,False,False,False
496,33,Non-binary,85,4,35,18,18,Boredom,0,2,Negative,False,False,False,False,True,False
497,22,Female,70,1,14,6,10,Neutral,1,0,Neutral,False,False,False,False,False,False
498,35,Male,110,3,50,25,25,Happiness,2,1,Positive,False,False,False,False,False,True
499,28,Non-binary,60,2,18,8,18,Anger,0,2,Negative,False,False,False,True,False,False
500,27,Female,120,4,40,18,22,Neutral,1,0,Neutral,False,False,True,False,False,False
501,25,Female,120,5,50,20,25,Happiness,2,0,Positive,True,False,False,False,False,False
502,30,Male,90,4,30,20,22,Anger,0,1,Negative,False,False,False,False,True,False
503,22,Non-binary,60,2,20,10,15,Neutral,1,2,Neutral,False,False,False,False,False,False
504,28,Female,200,8,110,40,45,Anxiety,0,0,Negative,True,False,False,False,False,False
505,33,Male,45,1,10,5,12,Boredom,0,1,Negative,False,True,False,False,False,False
506,21,Male,150,5,65,25,30,Happiness,2,1,Positive,True,False,False,False,False,False
507,27,Female,85,3,40,18,20,Anger,0,0,Negative,False,False,False,False,True,False
508,24,Non-binary,110,6,35,16,25,Sadness,0,2,Negative,False,False,False,False,False,False
509,29,Female,55,2,15,5,10,Neutral,1,0,Neutral,False,True,False,False,False,False
510,31,Male,170,7,90,35,40,Happiness,2,1,Positive,True,False,False,False,False,False
511,23,Female,75,4,45,20,25,Anxiety,0,0,Negative,False,False,False,False,True,False
512,26,Non-binary,95,3,30,14,18,Sadness,0,2,Negative,False,False,False,False,False,False
513,34,Male,65,1,14,6,15,Boredom,0,1,Negative,False,True,False,False,False,False
514,22,Female,180,8,100,38,45,Happiness,2,0,Positive,True,False,False,False,False,False
515,28,Male,100,6,50,30,29,Anger,0,1,Negative,False,False,False,False,True,False
516,21,Non-binary,40,1,10,4,12,Neutral,1,2,Neutral,False,False,False,False,False,False
517,35,Female,125,5,65,22,28,Anxiety,0,0,Negative,True,False,False,False,False,False
518,27,Male,90,3,40,16,24,Sadness,0,1,Negative,False,False,False,False,True,False
519,23,Non-binary,50,1,12,6,12,Neutral,1,2,Neutral,False,True,False,False,False,False
520,32,Female,140,6,75,28,30,Happiness,2,0,Positive,True,False,False,False,False,False
521,26,Male,75,2,30,14,20,Anxiety,0,1,Negative,False,False,False,False,False,False
522,24,Female,105,4,35,20,23,Anger,0,0,Negative,False,False,False,False,True,False
523,29,Male,60,2,17,8,15,Boredom,0,1,Negative,False,True,False,False,False,False
524,33,Non-binary,190,8,105,36,50,Happiness,2,2,Positive,True,False,False,False,False,False
525,22,Female,70,3,25,16,15,Sadness,0,0,Negative,False,False,False,False,True,False
526,31,Male,80,2,20,10,20,Neutral,1,1,Neutral,False,False,False,False,False,False
527,27,Non-binary,55,1,12,5,11,Anxiety,0,2,Negative,False,True,False,False,False,False
528,25,Female,160,6,85,26,30,Happiness,2,0,Positive,True,False,False,False,False,False
529,30,Male,90,4,43,19,24,Anger,0,1,Negative,False,False,False,False,True,False
530,26,Non-binary,45,1,8,4,12,Sadness,0,2,Negative,False,False,False,False,False,False
531,34,Female,65,2,17,5,14,Boredom,0,0,Negative,False,True,False,False,False,False
532,28,Male,145,7,80,30,35,Happiness,2,1,Positive,True,False,False,False,False,False
533,23,Non-binary,70,3,30,14,18,Neutral,1,2,Neutral,False,False,False,False,True,False
534,21,Female,130,6,95,22,28,Sadness,0,0,Negative,True,False,False,False,False,False
535,29,Male,65,2,27,11,22,Anxiety,0,1,Negative,False,False,False,False,False,False
536,24,Non-binary,55,1,11,6,11,Boredom,0,2,Negative,False,True,False,False,False,False
537,33,Female,170,7,95,30,38,Happiness,2,0,Positive,True,False,False,False,False,False
538,27,Male,85,4,45,18,24,Anger,0,1,Negative,False,False,False,False,True,False
539,22,Female,115,3,60,17,30,Neutral,1,0,Neutral,True,False,False,False,False,False
540,28,Non-binary,100,2,22,12,25,Anxiety,0,2,Negative,False,False,False,False,False,False
541,31,Male,45,1,9,4,10,Sadness,0,1,Negative,False,True,False,False,False,False
542,25,Female,150,6,90,26,30,Happiness,2,0,Positive,True,False,False,False,False,False
543,29,Male,95,4,50,22,22,Anger,0,1,Negative,False,False,False,False,True,False
544,23,Non-binary,105,2,25,12,18,Neutral,1,2,Neutral,False,False,False,False,False,False
545,35,Female,60,1,15,7,14,Boredom,0,0,Negative,False,True,False,False,False,False
546,30,Male,175,7,100,33,38,Happiness,2,1,Positive,True,False,False,False,False,False
547,21,Female,90,3,37,14,20,Sadness,0,0,Negative,False,False,False,False,True,False
548,26,Non-binary,75,2,30,12,18,Anxiety,0,2,Negative,False,False,False,False,False,False
549,32,Male,130,5,80,28,31,Neutral,1,1,Neutral,True,False,False,False,False,False
550,28,Female,55,1,12,6,10,Boredom,0,0,Negative,False,True,False,False,False,False
551,27,Male,165,6,85,30,28,Happiness,2,1,Positive,True,False,False,False,False,False
552,24,Female,75,3,33,18,19,Anger,0,0,Negative,False,False,False,False,True,False
553,29,Non-binary,85,2,27,9,20,Neutral,1,2,Neutral,False,False,False,False,False,False
554,33,Female,145,4,65,23,35,Sadness,0,0,Negative,True,False,False,False,False,False
555,31,Male,60,1,15,7,17,Anxiety,0,1,Negative,False,True,False,False,False,False
556,22,Female,70,2,42,10,21,Anxiety,0,0,Negative,False,False,False,False,False,True
557,25,Male,90,3,22,11,22,Boredom,0,1,Negative,False,False,False,True,False,False
558,29,Non-binary,50,2,18,7,18,Sadness,0,2,Negative,False,False,True,False,False,False
559,28,Female,95,4,48,22,25,Happiness,2,0,Positive,False,False,False,False,True,False
560,27,Male,60,1,12,5,15,Boredom,0,1,Negative,False,False,False,False,False,False
561,30,Female,175,6,72,30,33,Happiness,2,0,Positive,True,False,False,False,False,False
562,23,Male,70,3,22,10,18,Anger,0,1,Negative,False,False,False,False,False,True
563,34,Non-binary,80,2,21,8,20,Neutral,1,2,Neutral,False,False,False,True,False,False
564,26,Female,120,4,55,18,30,Anxiety,0,0,Negative,False,False,True,False,False,False
565,25,Male,90,6,42,14,26,Sadness,0,1,Negative,False,False,False,False,True,False
566,29,Non-binary,60,1,12,4,12,Boredom,0,2,Negative,False,False,False,False,False,False
567,28,Male,165,5,78,23,35,Happiness,2,1,Positive,True,False,False,False,False,False
568,31,Female,65,2,27,10,20,Neutral,1,0,Neutral,False,False,False,False,False,True
569,27,Male,105,3,48,20,28,Anxiety,0,1,Negative,False,False,False,True,False,False
570,22,Non-binary,75,2,21,8,20,Sadness,0,2,Negative,False,False,True,False,False,False
571,24,Female,140,4,65,22,30,Happiness,2,0,Positive,True,False,False,False,False,False
572,35,Male,70,1,13,8,10,Boredom,0,1,Negative,False,False,False,False,True,False
573,21,Non-binary,55,3,17,7,12,Neutral,1,2,Neutral,False,False,False,False,False,False
574,29,Female,90,2,24,12,22,Anger,0,0,Negative,False,False,False,False,False,True
575,25,Male,80,4,30,13,25,Neutral,1,1,Neutral,False,False,False,True,False,False
576,28,Non-binary,115,3,38,18,27,Anxiety,0,2,Negative,False,False,True,False,False,False
577,32,Female,155,6,75,25,38,Happiness,2,0,Positive,True,False,False,False,False,False
578,26,Male,75,2,23,12,18,Sadness,0,1,Negative,False,False,False,False,True,False
579,33,Non-binary,65,1,13,7,14,Anxiety,0,2,Negative,False,False,False,False,False,False
580,27,Female,90,4,37,18,20,Neutral,1,0,Neutral,False,False,False,False,False,True
581,31,Male,50,2,20,10,12,Sadness,0,1,Negative,False,False,False,True,False,False
582,24,Non-binary,85,3,33,20,18,Happiness,2,2,Positive,False,False,True,False,False,False
583,34,Female,120,5,60,25,25,Anger,0,0,Negative,True,False,False,False,False,False
584,22,Male,70,1,22,7,22,Neutral,1,1,Neutral,False,False,False,False,True,False
585,29,Non-binary,75,2,20,8,20,Boredom,0,2,Negative,False,False,False,False,False,False
586,28,Female,100,4,37,14,26,Anxiety,0,0,Negative,False,False,False,False,False,True
587,31,Male,85,3,45,20,28,Sadness,0,1,Negative,False,False,False,True,False,False
588,21,Non-binary,60,1,18,7,12,Neutral,1,2,Neutral,False,False,True,False,False,False
589,25,Female,170,6,83,30,33,Happiness,2,0,Positive,True,False,False,False,False,False
590,30,Male,70,2,30,12,20,Anxiety,0,1,Negative,False,False,False,False,True,False
591,27,Non-binary,50,1,10,4,10,Boredom,0,2,Negative,False,False,False,False,False,False
592,32,Female,105,4,55,25,25,Anger,0,0,Negative,False,False,False,False,False,True
593,24,Male,75,3,37,16,22,Neutral,1,1,Neutral,False,False,False,True,False,False
594,29,Female,95,2,23,10,28,Sadness,0,0,Negative,False,False,True,False,False,False
595,26,Male,150,5,70,25,30,Anxiety,0,1,Negative,True,False,False,False,False,False
596,33,Non-binary,85,4,35,18,18,Boredom,0,2,Negative,False,False,False,False,True,False
597,22,Female,70,1,14,6,10,Neutral,1,0,Neutral,False,False,False,False,False,False
598,35,Male,110,3,50,25,25,Happiness,2,1,Positive,False,False,False,False,False,True
599,28,Non-binary,60,2,18,8,18,Anger,0,2,Negative,False,False,False,True,False,False
600,27,Female,120,4,40,18,22,Neutral,1,0,Neutral,False,False,True,False,False,False
601,25,Female,120,5,50,20,25,Happiness,2,0,Positive,True,False,False,False,False,False
602,30,Male,90,4,30,20,22,Anger,0,1,Negative,False,False,False,False,True,False
603,22,Non-binary,60,2,20,10,15,Neutral,1,2,Neutral,False,False,False,False,False,False
604,28,Female,200,8,110,40,45,Anxiety,0,0,Negative,True,False,False,False,False,False
605,33,Male,45,1,10,5,12,Boredom,0,1,Negative,False,True,False,False,False,False
606,21,Male,150,5,65,25,30,Happiness,2,1,Positive,True,False,False,False,False,False
607,27,Female,85,3,40,18,20,Anger,0,0,Negative,False,False,False,False,True,False
608,24,Non-binary,110,6,35,16,25,Sadness,0,2,Negative,False,False,False,False,False,False
609,29,Female,55,2,15,5,10,Neutral,1,0,Neutral,False,True,False,False,False,False
610,31,Male,170,7,90,35,40,Happiness,2,1,Positive,True,False,False,False,False,False
611,23,Female,75,4,45,20,25,Anxiety,0,0,Negative,False,False,False,False,True,False
612,26,Non-binary,95,3,30,14,18,Sadness,0,2,Negative,False,False,False,False,False,False
613,34,Male,65,1,14,6,15,Boredom,0,1,Negative,False,True,False,False,False,False
614,22,Female,180,8,100,38,45,Happiness,2,0,Positive,True,False,False,False,False,False
615,28,Male,100,6,50,30,29,Anger,0,1,Negative,False,False,False,False,True,False
616,21,Non-binary,40,1,10,4,12,Neutral,1,2,Neutral,False,False,False,False,False,False
617,35,Female,125,5,65,22,28,Anxiety,0,0,Negative,True,False,False,False,False,False
618,27,Male,90,3,40,16,24,Sadness,0,1,Negative,False,False,False,False,True,False
619,23,Non-binary,50,1,12,6,12,Neutral,1,2,Neutral,False,True,False,False,False,False
620,32,Female,140,6,75,28,30,Happiness,2,0,Positive,True,False,False,False,False,False
621,26,Male,75,2,30,14,20,Anxiety,0,1,Negative,False,False,False,False,False,False
622,24,Female,105,4,35,20,23,Anger,0,0,Negative,False,False,False,False,True,False
623,29,Male,60,2,17,8,15,Boredom,0,1,Negative,False,True,False,False,False,False
624,33,Non-binary,190,8,105,36,50,Happiness,2,2,Positive,True,False,False,False,False,False
625,22,Female,70,3,25,16,15,Sadness,0,0,Negative,False,False,False,False,True,False
626,31,Male,80,2,20,10,20,Neutral,1,1,Neutral,False,False,False,False,False,False
627,27,Non-binary,55,1,12,5,11,Anxiety,0,2,Negative,False,True,False,False,False,False
628,25,Female,160,6,85,26,30,Happiness,2,0,Positive,True,False,False,False,False,False
629,30,Male,90,4,43,19,24,Anger,0,1,Negative,False,False,False,False,True,False
630,26,Non-binary,45,1,8,4,12,Sadness,0,2,Negative,False,False,False,False,False,False
631,34,Female,65,2,17,5,14,Boredom,0,0,Negative,False,True,False,False,False,False
632,28,Male,145,7,80,30,35,Happiness,2,1,Positive,True,False,False,False,False,False
633,23,Non-binary,70,3,30,14,18,Neutral,1,2,Neutral,False,False,False,False,True,False
634,21,Female,130,6,95,22,28,Sadness,0,0,Negative,True,False,False,False,False,False
635,29,Male,65,2,27,11,22,Anxiety,0,1,Negative,False,False,False,False,False,False
636,24,Non-binary,55,1,11,6,11,Boredom,0,2,Negative,False,True,False,False,False,False
637,33,Female,170,7,95,30,38,Happiness,2,0,Positive,True,False,False,False,False,False
638,27,Male,85,4,45,18,24,Anger,0,1,Negative,False,False,False,False,True,False
639,22,Female,115,3,60,17,30,Neutral,1,0,Neutral,True,False,False,False,False,False
640,28,Non-binary,100,2,22,12,25,Anxiety,0,2,Negative,False,False,False,False,False,False
641,31,Male,45,1,9,4,10,Sadness,0,1,Negative,False,True,False,False,False,False
642,25,Female,150,6,90,26,30,Happiness,2,0,Positive,True,False,False,False,False,False
643,29,Male,95,4,50,22,22,Anger,0,1,Negative,False,False,False,False,True,False
644,23,Non-binary,105,2,25,12,18,Neutral,1,2,Neutral,False,False,False,False,False,False
645,35,Female,60,1,15,7,14,Boredom,0,0,Negative,False,True,False,False,False,False
646,30,Male,175,7,100,33,38,Happiness,2,1,Positive,True,False,False,False,False,False
647,21,Female,90,3,37,14,20,Sadness,0,0,Negative,False,False,False,False,True,False
648,26,Non-binary,75,2,30,12,18,Anxiety,0,2,Negative,False,False,False,False,False,False
649,32,Male,130,5,80,28,31,Neutral,1,1,Neutral,True,False,False,False,False,False
650,28,Female,55,1,12,6,10,Boredom,0,0,Negative,False,True,False,False,False,False
651,27,Male,165,6,85,30,28,Happiness,2,1,Positive,True,False,False,False,False,False
652,24,Female,75,3,33,18,19,Anger,0,0,Negative,False,False,False,False,True,False
653,29,Non-binary,85,2,27,9,20,Neutral,1,2,Neutral,False,False,False,False,False,False
654,33,Female,145,4,65,23,35,Sadness,0,0,Negative,True,False,False,False,False,False
655,31,Male,60,1,15,7,17,Anxiety,0,1,Negative,False,True,False,False,False,False
656,22,Female,70,2,42,10,21,Anxiety,0,0,Negative,False,False,False,False,False,True
657,25,Male,90,3,22,11,22,Boredom,0,1,Negative,False,False,False,True,False,False
658,29,Non-binary,50,2,18,7,18,Sadness,0,2,Negative,False,False,True,False,False,False
659,28,Female,95,4,48,22,25,Happiness,2,0,Positive,False,False,False,False,True,False
660,27,Male,60,1,12,5,15,Boredom,0,1,Negative,False,False,False,False,False,False
661,30,Female,175,6,72,30,33,Happiness,2,0,Positive,True,False,False,False,False,False
662,23,Male,70,3,22,10,18,Anger,0,1,Negative,False,False,False,False,False,True
663,34,Non-binary,80,2,21,8,20,Neutral,1,2,Neutral,False,False,False,True,False,False
664,26,Female,120,4,55,18,30,Anxiety,0,0,Negative,False,False,True,False,False,False
665,25,Male,90,6,42,14,26,Sadness,0,1,Negative,False,False,False,False,True,False
666,29,Non-binary,60,1,12,4,12,Boredom,0,2,Negative,False,False,False,False,False,False
667,28,Male,165,5,78,23,35,Happiness,2,1,Positive,True,False,False,False,False,False
668,31,Female,65,2,27,10,20,Neutral,1,0,Neutral,False,False,False,False,False,True
669,27,Male,105,3,48,20,28,Anxiety,0,1,Negative,False,False,False,True,False,False
670,22,Non-binary,75,2,21,8,20,Sadness,0,2,Negative,False,False,True,False,False,False
671,24,Female,140,4,65,22,30,Happiness,2,0,Positive,True,False,False,False,False,False
672,35,Male,70,1,13,8,10,Boredom,0,1,Negative,False,False,False,False,True,False
673,21,Non-binary,55,3,17,7,12,Neutral,1,2,Neutral,False,False,False,False,False,False
674,29,Female,90,2,24,12,22,Anger,0,0,Negative,False,False,False,False,False,True
675,25,Male,80,4,30,13,25,Neutral,1,1,Neutral,False,False,False,True,False,False
676,28,Non-binary,115,3,38,18,27,Anxiety,0,2,Negative,False,False,True,False,False,False
677,32,Female,155,6,75,25,38,Happiness,2,0,Positive,True,False,False,False,False,False
678,26,Male,75,2,23,12,18,Sadness,0,1,Negative,False,False,False,False,True,False
679,33,Non-binary,65,1,13,7,14,Anxiety,0,2,Negative,False,False,False,False,False,False
680,27,Female,90,4,37,18,20,Neutral,1,0,Neutral,False,False,False,False,False,True
681,31,Male,50,2,20,10,12,Sadness,0,1,Negative,False,False,False,True,False,False
682,24,Non-binary,85,3,33,20,18,Happiness,2,2,Positive,False,False,True,False,False,False
683,34,Female,120,5,60,25,25,Anger,0,0,Negative,True,False,False,False,False,False
684,22,Male,70,1,22,7,22,Neutral,1,1,Neutral,False,False,False,False,True,False
685,29,Non-binary,75,2,20,8,20,Boredom,0,2,Negative,False,False,False,False,False,False
686,28,Female,100,4,37,14,26,Anxiety,0,0,Negative,False,False,False,False,False,True
687,31,Male,85,3,45,20,28,Sadness,0,1,Negative,False,False,False,True,False,False
688,21,Non-binary,60,1,18,7,12,Neutral,1,2,Neutral,False,False,True,False,False,False
689,25,Female,170,6,83,30,33,Happiness,2,0,Positive,True,False,False,False,False,False
690,30,Male,70,2,30,12,20,Anxiety,0,1,Negative,False,False,False,False,True,False
691,27,Non-binary,50,1,10,4,10,Boredom,0,2,Negative,False,False,False,False,False,False
692,32,Female,105,4,55,25,25,Anger,0,0,Negative,False,False,False,False,False,True
693,24,Male,75,3,37,16,22,Neutral,1,1,Neutral,False,False,False,True,False,False
694,29,Female,95,2,23,10,28,Sadness,0,0,Negative,False,False,True,False,False,False
695,26,Male,150,5,70,25,30,Anxiety,0,1,Negative,True,False,False,False,False,False
696,33,Non-binary,85,4,35,18,18,Boredom,0,2,Negative,False,False,False,False,True,False
697,22,Female,70,1,14,6,10,Neutral,1,0,Neutral,False,False,False,False,False,False
698,35,Male,110,3,50,25,25,Happiness,2,1,Positive,False,False,False,False,False,True
699,28,Non-binary,60,2,18,8,18,Anger,0,2,Negative,False,False,False,True,False,False
700,27,Female,120,4,40,18,22,Neutral,1,0,Neutral,False,False,True,False,False,False
701,25,Female,120,5,50,20,25,Happiness,2,0,Positive,True,False,False,False,False,False
702,30,Male,90,4,30,20,22,Anger,0,1,Negative,False,False,False,False,True,False
703,22,Non-binary,60,2,20,10,15,Neutral,1,2,Neutral,False,False,False,False,False,False
704,28,Female,200,8,110,40,45,Anxiety,0,0,Negative,True,False,False,False,False,False
705,33,Male,45,1,10,5,12,Boredom,0,1,Negative,False,True,False,False,False,False
706,21,Male,150,5,65,25,30,Happiness,2,1,Positive,True,False,False,False,False,False
707,27,Female,85,3,40,18,20,Anger,0,0,Negative,False,False,False,False,True,False
708,24,Non-binary,110,6,35,16,25,Sadness,0,2,Negative,False,False,False,False,False,False
709,29,Female,55,2,15,5,10,Neutral,1,0,Neutral,False,True,False,False,False,False
710,31,Male,170,7,90,35,40,Happiness,2,1,Positive,True,False,False,False,False,False
711,23,Female,75,4,45,20,25,Anxiety,0,0,Negative,False,False,False,False,True,False
712,26,Non-binary,95,3,30,14,18,Sadness,0,2,Negative,False,False,False,False,False,False
713,34,Male,65,1,14,6,15,Boredom,0,1,Negative,False,True,False,False,False,False
714,22,Female,180,8,100,38,45,Happiness,2,0,Positive,True,False,False,False,False,False
715,28,Male,100,6,50,30,29,Anger,0,1,Negative,False,False,False,False,True,False
716,21,Non-binary,40,1,10,4,12,Neutral,1,2,Neutral,False,False,False,False,False,False
717,35,Female,125,5,65,22,28,Anxiety,0,0,Negative,True,False,False,False,False,False
718,27,Male,90,3,40,16,24,Sadness,0,1,Negative,False,False,False,False,True,False
719,23,Non-binary,50,1,12,6,12,Neutral,1,2,Neutral,False,True,False,False,False,False
720,32,Female,140,6,75,28,30,Happiness,2,0,Positive,True,False,False,False,False,False
721,26,Male,75,2,30,14,20,Anxiety,0,1,Negative,False,False,False,False,False,False
722,24,Female,105,4,35,20,23,Anger,0,0,Negative,False,False,False,False,True,False
723,29,Male,60,2,17,8,15,Boredom,0,1,Negative,False,True,False,False,False,False
724,33,Non-binary,190,8,105,36,50,Happiness,2,2,Positive,True,False,False,False,False,False
725,22,Female,70,3,25,16,15,Sadness,0,0,Negative,False,False,False,False,True,False
726,31,Male,80,2,20,10,20,Neutral,1,1,Neutral,False,False,False,False,False,False
727,27,Non-binary,55,1,12,5,11,Anxiety,0,2,Negative,False,True,False,False,False,False
728,25,Female,160,6,85,26,30,Happiness,2,0,Positive,True,False,False,False,False,False
729,30,Male,90,4,43,19,24,Anger,0,1,Negative,False,False,False,False,True,False
730,26,Non-binary,45,1,8,4,12,Sadness,0,2,Negative,False,False,False,False,False,False
731,34,Female,65,2,17,5,14,Boredom,0,0,Negative,False,True,False,False,False,False
732,28,Male,145,7,80,30,35,Happiness,2,1,Positive,True,False,False,False,False,False
733,23,Non-binary,70,3,30,14,18,Neutral,1,2,Neutral,False,False,False,False,True,False
734,21,Female,130,6,95,22,28,Sadness,0,0,Negative,True,False,False,False,False,False
735,29,Male,65,2,27,11,22,Anxiety,0,1,Negative,False,False,False,False,False,False
736,24,Non-binary,55,1,11,6,11,Boredom,0,2,Negative,False,True,False,False,False,False
737,33,Female,170,7,95,30,38,Happiness,2,0,Positive,True,False,False,False,False,False
738,27,Male,85,4,45,18,24,Anger,0,1,Negative,False,False,False,False,True,False
739,22,Female,115,3,60,17,30,Neutral,1,0,Neutral,True,False,False,False,False,False
740,28,Non-binary,100,2,22,12,25,Anxiety,0,2,Negative,False,False,False,False,False,False
741,31,Male,45,1,9,4,10,Sadness,0,1,Negative,False,True,False,False,False,False
742,25,Female,150,6,90,26,30,Happiness,2,0,Positive,True,False,False,False,False,False
743,29,Male,95,4,50,22,22,Anger,0,1,Negative,False,False,False,False,True,False
744,23,Non-binary,105,2,25,12,18,Neutral,1,2,Neutral,False,False,False,False,False,False
745,35,Female,60,1,15,7,14,Boredom,0,0,Negative,False,True,False,False,False,False
746,30,Male,175,7,100,33,38,Happiness,2,1,Positive,True,False,False,False,False,False
747,21,Female,90,3,37,14,20,Sadness,0,0,Negative,False,False,False,False,True,False
748,26,Non-binary,75,2,30,12,18,Anxiety,0,2,Negative,False,False,False,False,False,False
749,32,Male,130,5,80,28,31,Neutral,1,1,Neutral,True,False,False,False,False,False
750,28,Female,55,1,12,6,10,Boredom,0,0,Negative,False,True,False,False,False,False
751,27,Male,165,6,85,30,28,Happiness,2,1,Positive,True,False,False,False,False,False
752,24,Female,75,3,33,18,19,Anger,0,0,Negative,False,False,False,False,True,False
753,29,Non-binary,85,2,27,9,20,Neutral,1,2,Neutral,False,False,False,False,False,False
754,33,Female,145,4,65,23,35,Sadness,0,0,Negative,True,False,False,False,False,False
755,31,Male,60,1,15,7,17,Anxiety,0,1,Negative,False,True,False,False,False,False
756,22,Female,70,2,42,10,21,Anxiety,0,0,Negative,False,False,False,False,False,True
757,25,Male,90,3,22,11,22,Boredom,0,1,Negative,False,False,False,True,False,False
758,29,Non-binary,50,2,18,7,18,Sadness,0,2,Negative,False,False,True,False,False,False
759,28,Female,95,4,48,22,25,Happiness,2,0,Positive,False,False,False,False,True,False
760,27,Male,60,1,12,5,15,Boredom,0,1,Negative,False,False,False,False,False,False
761,30,Female,175,6,72,30,33,Happiness,2,0,Positive,True,False,False,False,False,False
762,23,Male,70,3,22,10,18,Anger,0,1,Negative,False,False,False,False,False,True
763,34,Non-binary,80,2,21,8,20,Neutral,1,2,Neutral,False,False,False,True,False,False
764,26,Female,120,4,55,18,30,Anxiety,0,0,Negative,False,False,True,False,False,False
765,25,Male,90,6,42,14,26,Sadness,0,1,Negative,False,False,False,False,True,False
766,29,Non-binary,60,1,12,4,12,Boredom,0,2,Negative,False,False,False,False,False,False
767,28,Male,165,5,78,23,35,Happiness,2,1,Positive,True,False,False,False,False,False
768,31,Female,65,2,27,10,20,Neutral,1,0,Neutral,False,False,False,False,False,True
769,27,Male,105,3,48,20,28,Anxiety,0,1,Negative,False,False,False,True,False,False
770,22,Non-binary,75,2,21,8,20,Sadness,0,2,Negative,False,False,True,False,False,False
771,24,Female,140,4,65,22,30,Happiness,2,0,Positive,True,False,False,False,False,False
772,35,Male,70,1,13,8,10,Boredom,0,1,Negative,False,False,False,False,True,False
773,21,Non-binary,55,3,17,7,12,Neutral,1,2,Neutral,False,False,False,False,False,False
774,29,Female,90,2,24,12,22,Anger,0,0,Negative,False,False,False,False,False,True
775,25,Male,80,4,30,13,25,Neutral,1,1,Neutral,False,False,False,True,False,False
776,28,Non-binary,115,3,38,18,27,Anxiety,0,2,Negative,False,False,True,False,False,False
777,32,Female,155,6,75,25,38,Happiness,2,0,Positive,True,False,False,False,False,False
778,26,Male,75,2,23,12,18,Sadness,0,1,Negative,False,False,False,False,True,False
779,33,Non-binary,65,1,13,7,14,Anxiety,0,2,Negative,False,False,False,False,False,False
780,27,Female,90,4,37,18,20,Neutral,1,0,Neutral,False,False,False,False,False,True
781,31,Male,50,2,20,10,12,Sadness,0,1,Negative,False,False,False,True,False,False
782,24,Non-binary,85,3,33,20,18,Happiness,2,2,Positive,False,False,True,False,False,False
783,34,Female,120,5,60,25,25,Anger,0,0,Negative,True,False,False,False,False,False
784,22,Male,70,1,22,7,22,Neutral,1,1,Neutral,False,False,False,False,True,False
785,29,Non-binary,75,2,20,8,20,Boredom,0,2,Negative,False,False,False,False,False,False
786,28,Female,100,4,37,14,26,Anxiety,0,0,Negative,False,False,False,False,False,True
787,31,Male,85,3,45,20,28,Sadness,0,1,Negative,False,False,False,True,False,False
788,21,Non-binary,60,1,18,7,12,Neutral,1,2,Neutral,False,False,True,False,False,False
789,25,Female,170,6,83,30,33,Happiness,2,0,Positive,True,False,False,False,False,False
790,30,Male,70,2,30,12,20,Anxiety,0,1,Negative,False,False,False,False,True,False
791,27,Non-binary,50,1,10,4,10,Boredom,0,2,Negative,False,False,False,False,False,False
792,32,Female,105,4,55,25,25,Anger,0,0,Negative,False,False,False,False,False,True
793,24,Male,75,3,37,16,22,Neutral,1,1,Neutral,False,False,False,True,False,False
794,29,Female,95,2,23,10,28,Sadness,0,0,Negative,False,False,True,False,False,False
795,26,Male,150,5,70,25,30,Anxiety,0,1,Negative,True,False,False,False,False,False
796,33,Non-binary,85,4,35,18,18,Boredom,0,2,Negative,False,False,False,False,True,False
797,22,Female,70,1,14,6,10,Neutral,1,0,Neutral,False,False,False,False,False,False
798,35,Male,110,3,50,25,25,Happiness,2,1,Positive,False,False,False,False,False,True
799,28,Non-binary,60,2,18,8,18,Anger,0,2,Negative,False,False,False,True,False,False
800,27,Female,120,4,40,18,22,Neutral,1,0,Neutral,False,False,True,False,False,False
801,25,Female,120,5,50,20,25,Happiness,2,0,Positive,True,False,False,False,False,False
802,30,Male,90,4,30,20,22,Anger,0,1,Negative,False,False,False,False,True,False
803,22,Non-binary,60,2,20,10,15,Neutral,1,2,Neutral,False,False,False,False,False,False
804,28,Female,200,8,110,40,45,Anxiety,0,0,Negative,True,False,False,False,False,False
805,33,Male,45,1,10,5,12,Boredom,0,1,Negative,False,True,False,False,False,False
806,21,Male,150,5,65,25,30,Happiness,2,1,Positive,True,False,False,False,False,False
807,27,Female,85,3,40,18,20,Anger,0,0,Negative,False,False,False,False,True,False
808,24,Non-binary,110,6,35,16,25,Sadness,0,2,Negative,False,False,False,False,False,False
809,29,Female,55,2,15,5,10,Neutral,1,0,Neutral,False,True,False,False,False,False
810,31,Male,170,7,90,35,40,Happiness,2,1,Positive,True,False,False,False,False,False
811,23,Female,75,4,45,20,25,Anxiety,0,0,Negative,False,False,False,False,True,False
812,26,Non-binary,95,3,30,14,18,Sadness,0,2,Negative,False,False,False,False,False,False
813,34,Male,65,1,14,6,15,Boredom,0,1,Negative,False,True,False,False,False,False
814,22,Female,180,8,100,38,45,Happiness,2,0,Positive,True,False,False,False,False,False
815,28,Male,100,6,50,30,29,Anger,0,1,Negative,False,False,False,False,True,False
816,21,Non-binary,40,1,10,4,12,Neutral,1,2,Neutral,False,False,False,False,False,False
817,35,Female,125,5,65,22,28,Anxiety,0,0,Negative,True,False,False,False,False,False
818,27,Male,90,3,40,16,24,Sadness,0,1,Negative,False,False,False,False,True,False
819,23,Non-binary,50,1,12,6,12,Neutral,1,2,Neutral,False,True,False,False,False,False
820,32,Female,140,6,75,28,30,Happiness,2,0,Positive,True,False,False,False,False,False
821,26,Male,75,2,30,14,20,Anxiety,0,1,Negative,False,False,False,False,False,False
822,24,Female,105,4,35,20,23,Anger,0,0,Negative,False,False,False,False,True,False
823,29,Male,60,2,17,8,15,Boredom,0,1,Negative,False,True,False,False,False,False
824,33,Non-binary,190,8,105,36,50,Happiness,2,2,Positive,True,False,False,False,False,False
825,22,Female,70,3,25,16,15,Sadness,0,0,Negative,False,False,False,False,True,False
826,31,Male,80,2,20,10,20,Neutral,1,1,Neutral,False,False,False,False,False,False
827,27,Non-binary,55,1,12,5,11,Anxiety,0,2,Negative,False,True,False,False,False,False
828,25,Female,160,6,85,26,30,Happiness,2,0,Positive,True,False,False,False,False,False
829,30,Male,90,4,43,19,24,Anger,0,1,Negative,False,False,False,False,True,False
830,26,Non-binary,45,1,8,4,12,Sadness,0,2,Negative,False,False,False,False,False,False
831,34,Female,65,2,17,5,14,Boredom,0,0,Negative,False,True,False,False,False,False
832,28,Male,145,7,80,30,35,Happiness,2,1,Positive,True,False,False,False,False,False
833,23,Non-binary,70,3,30,14,18,Neutral,1,2,Neutral,False,False,False,False,True,False
834,21,Female,130,6,95,22,28,Sadness,0,0,Negative,True,False,False,False,False,False
835,29,Male,65,2,27,11,22,Anxiety,0,1,Negative,False,False,False,False,False,False
836,24,Non-binary,55,1,11,6,11,Boredom,0,2,Negative,False,True,False,False,False,False
837,33,Female,170,7,95,30,38,Happiness,2,0,Positive,True,False,False,False,False,False
838,27,Male,85,4,45,18,24,Anger,0,1,Negative,False,False,False,False,True,False
839,22,Female,115,3,60,17,30,Neutral,1,0,Neutral,True,False,False,False,False,False
840,28,Non-binary,100,2,22,12,25,Anxiety,0,2,Negative,False,False,False,False,False,False
841,31,Male,45,1,9,4,10,Sadness,0,1,Negative,False,True,False,False,False,False
842,25,Female,150,6,90,26,30,Happiness,2,0,Positive,True,False,False,False,False,False
843,29,Male,95,4,50,22,22,Anger,0,1,Negative,False,False,False,False,True,False
844,23,Non-binary,105,2,25,12,18,Neutral,1,2,Neutral,False,False,False,False,False,False
845,35,Female,60,1,15,7,14,Boredom,0,0,Negative,False,True,False,False,False,False
846,30,Male,175,7,100,33,38,Happiness,2,1,Positive,True,False,False,False,False,False
847,21,Female,90,3,37,14,20,Sadness,0,0,Negative,False,False,False,False,True,False
848,26,Non-binary,75,2,30,12,18,Anxiety,0,2,Negative,False,False,False,False,False,False
849,32,Male,130,5,80,28,31,Neutral,1,1,Neutral,True,False,False,False,False,False
850,28,Female,55,1,12,6,10,Boredom,0,0,Negative,False,True,False,False,False,False
851,27,Male,165,6,85,30,28,Happiness,2,1,Positive,True,False,False,False,False,False
852,24,Female,75,3,33,18,19,Anger,0,0,Negative,False,False,False,False,True,False
853,29,Non-binary,85,2,27,9,20,Neutral,1,2,Neutral,False,False,False,False,False,False
854,33,Female,145,4,65,23,35,Sadness,0,0,Negative,True,False,False,False,False,False
855,31,Male,60,1,15,7,17,Anxiety,0,1,Negative,False,True,False,False,False,False
856,22,Female,70,2,42,10,21,Anxiety,0,0,Negative,False,False,False,False,False,True
857,25,Male,90,3,22,11,22,Boredom,0,1,Negative,False,False,False,True,False,False
858,29,Non-binary,50,2,18,7,18,Sadness,0,2,Negative,False,False,True,False,False,False
859,28,Female,95,4,48,22,25,Happiness,2,0,Positive,False,False,False,False,True,False
860,27,Male,60,1,12,5,15,Boredom,0,1,Negative,False,False,False,False,False,False
861,30,Female,175,6,72,30,33,Happiness,2,0,Positive,True,False,False,False,False,False
862,23,Male,70,3,22,10,18,Anger,0,1,Negative,False,False,False,False,False,True
863,34,Non-binary,80,2,21,8,20,Neutral,1,2,Neutral,False,False,False,True,False,False
864,26,Female,120,4,55,18,30,Anxiety,0,0,Negative,False,False,True,False,False,False
865,25,Male,90,6,42,14,26,Sadness,0,1,Negative,False,False,False,False,True,False
866,29,Non-binary,60,1,12,4,12,Boredom,0,2,Negative,False,False,False,False,False,False
867,28,Male,165,5,78,23,35,Happiness,2,1,Positive,True,False,False,False,False,False
868,31,Female,65,2,27,10,20,Neutral,1,0,Neutral,False,False,False,False,False,True
869,27,Male,105,3,48,20,28,Anxiety,0,1,Negative,False,False,False,True,False,False
870,22,Non-binary,75,2,21,8,20,Sadness,0,2,Negative,False,False,True,False,False,False
871,24,Female,140,4,65,22,30,Happiness,2,0,Positive,True,False,False,False,False,False
872,35,Male,70,1,13,8,10,Boredom,0,1,Negative,False,False,False,False,True,False
873,21,Non-binary,55,3,17,7,12,Neutral,1,2,Neutral,False,False,False,False,False,False
874,29,Female,90,2,24,12,22,Anger,0,0,Negative,False,False,False,False,False,True
875,25,Male,80,4,30,13,25,Neutral,1,1,Neutral,False,False,False,True,False,False
876,28,Non-binary,115,3,38,18,27,Anxiety,0,2,Negative,False,False,True,False,False,False
877,32,Female,155,6,75,25,38,Happiness,2,0,Positive,True,False,False,False,False,False
878,26,Male,75,2,23,12,18,Sadness,0,1,Negative,False,False,False,False,True,False
879,33,Non-binary,65,1,13,7,14,Anxiety,0,2,Negative,False,False,False,False,False,False
880,27,Female,90,4,37,18,20,Neutral,1,0,Neutral,False,False,False,False,False,True
881,31,Male,50,2,20,10,12,Sadness,0,1,Negative,False,False,False,True,False,False
882,24,Non-binary,85,3,33,20,18,Happiness,2,2,Positive,False,False,True,False,False,False
883,34,Female,120,5,60,25,25,Anger,0,0,Negative,True,False,False,False,False,False
884,22,Male,70,1,22,7,22,Neutral,1,1,Neutral,False,False,False,False,True,False
885,29,Non-binary,75,2,20,8,20,Boredom,0,2,Negative,False,False,False,False,False,False
886,28,Female,100,4,37,14,26,Anxiety,0,0,Negative,False,False,False,False,False,True
887,31,Male,85,3,45,20,28,Sadness,0,1,Negative,False,False,False,True,False,False
888,21,Non-binary,60,1,18,7,12,Neutral,1,2,Neutral,False,False,True,False,False,False
889,25,Female,170,6,83,30,33,Happiness,2,0,Positive,True,False,False,False,False,False
890,30,Male,70,2,30,12,20,Anxiety,0,1,Negative,False,False,False,False,True,False
891,27,Non-binary,50,1,10,4,10,Boredom,0,2,Negative,False,False,False,False,False,False
892,32,Female,105,4,55,25,25,Anger,0,0,Negative,False,False,False,False,False,True
893,24,Male,75,3,37,16,22,Neutral,1,1,Neutral,False,False,False,True,False,False
894,29,Female,95,2,23,10,28,Sadness,0,0,Negative,False,False,True,False,False,False
895,26,Male,150,5,70,25,30,Anxiety,0,1,Negative,True,False,False,False,False,False
896,33,Non-binary,85,4,35,18,18,Boredom,0,2,Negative,False,False,False,False,True,False
897,22,Female,70,1,14,6,10,Neutral,1,0,Neutral,False,False,False,False,False,False
898,35,Male,110,3,50,25,25,Happiness,2,1,Positive,False,False,False,False,False,True
899,28,Non-binary,60,2,18,8,18,Anger,0,2,Negative,False,False,False,True,False,False
900,27,Female,120,4,40,18,22,Neutral,1,0,Neutral,False,False,True,False,False,False
901,25,Female,120,5,50,20,25,Happiness,2,0,Positive,True,False,False,False,False,False
902,30,Male,90,4,30,20,22,Anger,0,1,Negative,False,False,False,False,True,False
903,22,Non-binary,60,2,20,10,15,Neutral,1,2,Neutral,False,False,False,False,False,False
904,28,Female,200,8,110,40,45,Anxiety,0,0,Negative,True,False,False,False,False,False
905,33,Male,45,1,10,5,12,Boredom,0,1,Negative,False,True,False,False,False,False
906,21,Male,150,5,65,25,30,Happiness,2,1,Positive,True,False,False,False,False,False
907,27,Female,85,3,40,18,20,Anger,0,0,Negative,False,False,False,False,True,False
908,24,Non-binary,110,6,35,16,25,Sadness,0,2,Negative,False,False,False,False,False,False
909,29,Female,55,2,15,5,10,Neutral,1,0,Neutral,False,True,False,False,False,False
910,31,Male,170,7,90,35,40,Happiness,2,1,Positive,True,False,False,False,False,False
911,23,Female,75,4,45,20,25,Anxiety,0,0,Negative,False,False,False,False,True,False
912,26,Non-binary,95,3,30,14,18,Sadness,0,2,Negative,False,False,False,False,False,False
913,34,Male,65,1,14,6,15,Boredom,0,1,Negative,False,True,False,False,False,False
914,22,Female,180,8,100,38,45,Happiness,2,0,Positive,True,False,False,False,False,False
915,28,Male,100,6,50,30,29,Anger,0,1,Negative,False,False,False,False,True,False
916,21,Non-binary,40,1,10,4,12,Neutral,1,2,Neutral,False,False,False,False,False,False
917,35,Female,125,5,65,22,28,Anxiety,0,0,Negative,True,False,False,False,False,False
918,27,Male,90,3,40,16,24,Sadness,0,1,Negative,False,False,False,False,True,False
919,23,Non-binary,50,1,12,6,12,Neutral,1,2,Neutral,False,True,False,False,False,False
920,32,Female,140,6,75,28,30,Happiness,2,0,Positive,True,False,False,False,False,False
921,26,Male,75,2,30,14,20,Anxiety,0,1,Negative,False,False,False,False,False,False
922,24,Female,105,4,35,20,23,Anger,0,0,Negative,False,False,False,False,True,False
923,29,Male,60,2,17,8,15,Boredom,0,1,Negative,False,True,False,False,False,False
924,33,Non-binary,190,8,105,36,50,Happiness,2,2,Positive,True,False,False,False,False,False
925,22,Female,70,3,25,16,15,Sadness,0,0,Negative,False,False,False,False,True,False
926,31,Male,80,2,20,10,20,Neutral,1,1,Neutral,False,False,False,False,False,False
927,27,Non-binary,55,1,12,5,11,Anxiety,0,2,Negative,False,True,False,False,False,False
928,25,Female,160,6,85,26,30,Happiness,2,0,Positive,True,False,False,False,False,False
929,30,Male,90,4,43,19,24,Anger,0,1,Negative,False,False,False,False,True,False
930,26,Non-binary,45,1,8,4,12,Sadness,0,2,Negative,False,False,False,False,False,False
931,34,Female,65,2,17,5,14,Boredom,0,0,Negative,False,True,False,False,False,False
932,28,Male,145,7,80,30,35,Happiness,2,1,Positive,True,False,False,False,False,False
933,23,Non-binary,70,3,30,14,18,Neutral,1,2,Neutral,False,False,False,False,True,False
934,21,Female,130,6,95,22,28,Sadness,0,0,Negative,True,False,False,False,False,False
935,29,Male,65,2,27,11,22,Anxiety,0,1,Negative,False,False,False,False,False,False
936,24,Non-binary,55,1,11,6,11,Boredom,0,2,Negative,False,True,False,False,False,False
937,33,Female,170,7,95,30,38,Happiness,2,0,Positive,True,False,False,False,False,False
938,27,Male,85,4,45,18,24,Anger,0,1,Negative,False,False,False,False,True,False
939,22,Female,115,3,60,17,30,Neutral,1,0,Neutral,True,False,False,False,False,False
940,28,Non-binary,100,2,22,12,25,Anxiety,0,2,Negative,False,False,False,False,False,False
941,31,Male,45,1,9,4,10,Sadness,0,1,Negative,False,True,False,False,False,False
942,25,Female,150,6,90,26,30,Happiness,2,0,Positive,True,False,False,False,False,False
943,29,Male,95,4,50,22,22,Anger,0,1,Negative,False,False,False,False,True,False
944,23,Non-binary,105,2,25,12,18,Neutral,1,2,Neutral,False,False,False,False,False,False
945,35,Female,60,1,15,7,14,Boredom,0,0,Negative,False,True,False,False,False,False
946,30,Male,175,7,100,33,38,Happiness,2,1,Positive,True,False,False,False,False,False
947,21,Female,90,3,37,14,20,Sadness,0,0,Negative,False,False,False,False,True,False
948,26,Non-binary,75,2,30,12,18,Anxiety,0,2,Negative,False,False,False,False,False,False
949,32,Male,130,5,80,28,31,Neutral,1,1,Neutral,True,False,False,False,False,False
950,28,Female,55,1,12,6,10,Boredom,0,0,Negative,False,True,False,False,False,False
951,27,Male,165,6,85,30,28,Happiness,2,1,Positive,True,False,False,False,False,False
952,24,Female,75,3,33,18,19,Anger,0,0,Negative,False,False,False,False,True,False
953,29,Non-binary,85,2,27,9,20,Neutral,1,2,Neutral,False,False,False,False,False,False
954,33,Female,145,4,65,23,35,Sadness,0,0,Negative,True,False,False,False,False,False
955,31,Male,60,1,15,7,17,Anxiety,0,1,Negative,False,True,False,False,False,False
956,22,Female,70,2,42,10,21,Anxiety,0,0,Negative,False,False,False,False,False,True
957,25,Male,90,3,22,11,22,Boredom,0,1,Negative,False,False,False,True,False,False
958,29,Non-binary,50,2,18,7,18,Sadness,0,2,Negative,False,False,True,False,False,False
959,28,Female,95,4,48,22,25,Happiness,2,0,Positive,False,False,False,False,True,False
960,27,Male,60,1,12,5,15,Boredom,0,1,Negative,False,False,False,False,False,False
961,30,Female,175,6,72,30,33,Happiness,2,0,Positive,True,False,False,False,False,False
962,23,Male,70,3,22,10,18,Anger,0,1,Negative,False,False,False,False,False,True
963,34,Non-binary,80,2,21,8,20,Neutral,1,2,Neutral,False,False,False,True,False,False
964,26,Female,120,4,55,18,30,Anxiety,0,0,Negative,False,False,True,False,False,False
965,25,Male,90,6,42,14,26,Sadness,0,1,Negative,False,False,False,False,True,False
966,29,Non-binary,60,1,12,4,12,Boredom,0,2,Negative,False,False,False,False,False,False
967,28,Male,165,5,78,23,35,Happiness,2,1,Positive,True,False,False,False,False,False
968,31,Female,65,2,27,10,20,Neutral,1,0,Neutral,False,False,False,False,False,True
969,27,Male,105,3,48,20,28,Anxiety,0,1,Negative,False,False,False,True,False,False
970,22,Non-binary,75,2,21,8,20,Sadness,0,2,Negative,False,False,True,False,False,False
971,24,Female,140,4,65,22,30,Happiness,2,0,Positive,True,False,False,False,False,False
972,35,Male,70,1,13,8,10,Boredom,0,1,Negative,False,False,False,False,True,False
973,21,Non-binary,55,3,17,7,12,Neutral,1,2,Neutral,False,False,False,False,False,False
974,29,Female,90,2,24,12,22,Anger,0,0,Negative,False,False,False,False,False,True
975,25,Male,80,4,30,13,25,Neutral,1,1,Neutral,False,False,False,True,False,False
976,28,Non-binary,115,3,38,18,27,Anxiety,0,2,Negative,False,False,True,False,False,False
977,32,Female,155,6,75,25,38,Happiness,2,0,Positive,True,False,False,False,False,False
978,26,Male,75,2,23,12,18,Sadness,0,1,Negative,False,False,False,False,True,False
979,33,Non-binary,65,1,13,7,14,Anxiety,0,2,Negative,False,False,False,False,False,False
980,27,Female,90,4,37,18,20,Neutral,1,0,Neutral,False,False,False,False,False,True
981,31,Male,50,2,20,10,12,Sadness,0,1,Negative,False,False,False,True,False,False
982,24,Non-binary,85,3,33,20,18,Happiness,2,2,Positive,False,False,True,False,False,False
983,34,Female,120,5,60,25,25,Anger,0,0,Negative,True,False,False,False,False,False
984,22,Male,70,1,22,7,22,Neutral,1,1,Neutral,False,False,False,False,True,False
985,29,Non-binary,75,2,20,8,20,Boredom,0,2,Negative,False,False,False,False,False,False
986,28,Female,100,4,37,14,26,Anxiety,0,0,Negative,False,False,False,False,False,True
987,31,Male,85,3,45,20,28,Sadness,0,1,Negative,False,False,False,True,False,False
988,21,Non-binary,60,1,18,7,12,Neutral,1,2,Neutral,False,False,True,False,False,False
989,25,Female,170,6,83,30,33,Happiness,2,0,Positive,True,False,False,False,False,False
990,30,Male,70,2,30,12,20,Anxiety,0,1,Negative,False,False,False,False,True,False
991,27,Non-binary,50,1,10,4,10,Boredom,0,2,Negative,False,False,False,False,False,False
992,32,Female,105,4,55,25,25,Anger,0,0,Negative,False,False,False,False,False,True
993,24,Male,75,3,37,16,22,Neutral,1,1,Neutral,False,False,False,True,False,False
994,29,Female,95,2,23,10,28,Sadness,0,0,Negative,False,False,True,False,False,False
995,26,Male,150,5,70,25,30,Anxiety,0,1,Negative,True,False,False,False,False,False
996,33,Non-binary,85,4,35,18,18,Boredom,0,2,Negative,False,False,False,False,True,False
997,22,Female,70,1,14,6,10,Neutral,1,0,Neutral,False,False,False,False,False,False
998,35,Male,110,3,50,25,25,Happiness,2,1,Positive,False,False,False,False,False,True
999,28,Non-binary,60,2,18,8,18,Anger,0,2,Negative,False,False,False,True,False,False
1000,27,Female,120,4,40,18,22,Neutral,1,0,Neutral,False,False,True,False,False,False
